FID,X_utm,Y_utm,Altitute,Slope,Slope_Aspect,Topography curverture,Distance from fault,Fault density,Distance from Lineanment,Lineanment density,Distance from river,River density,Distance from road,Spring density,Precipitation,Geology,Land-use,NDVI,Target
0,325390.6818,4076162.855,1,2,5,3,1,2,5,1,1,4,5,1,3,1,3,1,0
1,325475.3486,4077291.746,1,2,1,3,3,2,2,1,1,4,1,1,3,3,14,3,0
2,324417.0132,4076868.412,1,2,1,3,1,2,2,1,5,4,5,1,3,1,3,1,0
3,323556.2337,4076501.522,1,2,2,3,1,2,4,1,5,4,3,1,3,1,3,1,0
4,322808.3433,4077291.746,1,2,2,3,1,2,2,1,5,4,4,1,3,1,6,5,0
5,324007.7901,4077503.413,1,2,4,3,5,2,3,1,4,4,5,1,3,1,4,5,0
6,324275.9018,4079351.973,1,2,1,3,3,1,5,1,3,4,4,1,3,1,4,1,0
7,320649.339,4077122.413,1,2,2,3,1,4,3,1,5,3,3,1,3,1,3,4,0
8,323147.0106,4073735.739,1,2,2,3,1,5,2,1,3,3,5,1,3,1,4,1,0
9,323513.9002,4074836.408,1,2,4,3,1,4,1,1,1,3,1,1,3,1,4,1,0
10,320640.5195,4078921.583,1,2,2,3,1,4,4,1,1,4,5,1,3,1,3,5,0
11,319635.1008,4079186.167,1,2,3,3,1,4,2,1,1,4,3,1,3,1,15,5,0
12,319688.0176,4080438.53,1,2,3,3,1,4,2,1,4,4,5,1,3,1,3,4,0
13,322051.6334,4080844.226,1,2,5,3,1,1,2,1,5,4,1,1,3,1,15,5,0
14,321063.8537,4081355.754,1,2,1,3,1,2,2,1,5,4,1,1,3,1,15,1,0
15,318546.4264,4080975.459,1,2,2,3,1,5,2,1,3,4,5,1,3,1,3,5,0
16,316754.3117,4080368.68,1,2,2,3,1,5,2,1,1,3,1,1,3,1,3,2,0
17,315597.1983,4080058.235,1,2,2,3,1,5,2,1,1,3,1,1,3,1,3,1,0
18,314341.3069,4079225.678,1,2,4,3,1,3,3,1,1,3,5,1,3,1,3,5,0
19,317629.2024,4081793.905,1,2,3,3,1,5,2,1,5,4,1,1,3,1,3,1,0
20,316556.7558,4082584.129,1,2,9,3,1,5,2,1,1,4,5,1,3,1,3,4,0
21,315427.8646,4083459.02,1,2,4,3,1,5,2,1,1,3,1,1,3,1,3,1,0
22,314313.0846,4083473.131,1,2,2,3,1,5,2,1,3,3,4,1,3,1,3,5,0
23,316006.4213,4089823.144,1,2,8,3,1,2,2,2,5,4,5,1,2,1,15,2,0
24,316838.9786,4089286.92,1,2,5,3,1,2,2,2,3,4,5,1,2,1,7,2,0
25,317488.091,4088666.03,1,2,1,3,1,2,2,2,3,4,5,1,2,1,11,2,0
26,318221.8702,4088228.585,1,2,5,3,1,2,2,2,1,4,5,1,2,1,12,3,0
27,317248.2016,4087861.695,1,2,4,3,1,2,2,2,1,4,5,1,2,2,11,3,0
28,318038.4254,4087029.138,1,2,1,3,1,2,4,2,1,4,4,1,2,1,12,4,0
29,319195.5388,4085872.025,1,2,6,3,1,2,2,2,5,4,5,1,3,2,11,5,0
30,309868.0757,4089921.922,1,2,5,3,1,4,2,1,3,4,5,1,2,1,3,2,0
31,309712.8532,4090810.923,1,2,1,3,1,4,2,1,3,4,5,1,2,1,6,1,0
32,309430.6304,4088355.585,1,2,9,3,3,5,2,2,1,4,4,1,3,1,3,5,0
33,306721.2917,4089809.032,1,2,7,3,5,4,2,2,1,4,5,1,3,3,15,3,0
34,304223.62,4089117.587,1,2,3,3,1,5,2,2,3,4,4,1,3,1,3,3,0
35,303588.6187,4088242.696,1,2,2,3,1,5,2,2,5,4,2,1,3,3,15,2,0
36,305056.1772,4091220.146,1,2,9,3,5,4,5,1,1,4,1,1,3,1,3,3,0
37,306961.181,4092179.704,1,2,2,3,1,4,2,1,5,4,1,1,2,1,12,1,0
38,308033.6276,4091022.59,1,2,4,3,1,4,2,1,4,4,5,1,2,1,3,5,0
39,308400.5172,4091996.259,1,2,7,3,1,4,2,1,1,3,5,1,2,1,3,5,0
40,309091.9631,4097810.048,1,2,6,3,1,4,2,2,1,3,4,1,4,1,15,3,0
41,303235.8402,4097753.604,1,2,1,3,1,2,4,1,1,3,5,1,4,1,3,3,0
42,303757.9524,4098769.606,1,2,9,3,1,2,2,1,4,3,2,1,5,1,15,5,0
43,301203.8362,4098445.05,1,2,4,3,1,4,2,1,1,3,5,1,5,1,3,3,0
44,301401.3921,4100138.386,1,2,5,3,1,4,2,1,1,3,2,1,5,1,3,5,0
45,300145.5007,4100406.498,1,2,6,3,1,4,2,1,1,3,3,1,5,1,11,2,0
46,297972.3853,4095989.711,1,2,9,3,1,5,3,2,5,5,2,1,4,1,3,4,0
47,298353.386,4095227.71,1,2,4,3,1,5,2,2,1,5,4,1,1,1,3,1,0
48,298099.3855,4098078.16,1,2,2,3,1,4,1,1,1,5,3,1,5,1,3,4,0
49,299157.721,4098459.161,1,2,2,3,4,4,2,1,1,5,1,1,5,1,3,5,0
50,299566.944,4101521.278,1,2,9,3,1,4,2,1,4,3,5,1,5,1,3,4,0
51,300865.1688,4102438.502,1,2,1,3,1,4,2,1,1,3,3,1,5,1,11,3,0
52,301923.5043,4101605.945,1,2,5,3,1,4,2,1,1,3,1,1,5,1,15,2,0
53,299242.3878,4103581.504,1,2,5,3,1,4,4,1,4,3,1,1,5,1,11,1,0
54,298028.8298,4103595.616,1,2,5,3,1,4,4,1,3,3,4,1,5,1,3,1,0
55,297379.7174,4102946.503,1,2,1,3,3,4,2,1,1,3,5,1,5,1,3,1,0
56,295827.4921,4103383.948,1,2,4,3,1,4,2,1,5,3,5,1,5,1,3,4,0
57,298145.8881,4104999.186,1,2,9,3,1,4,4,1,5,3,1,1,5,2,15,5,0
58,298172.3465,4105443.687,1,2,6,3,1,4,2,2,1,3,1,1,5,2,15,2,0
59,298188.2216,4105925.23,1,2,8,3,1,4,5,2,1,3,2,1,5,3,14,2,0
60,297801.9291,4106163.355,1,2,1,3,1,4,1,2,1,3,1,1,5,1,15,2,0
61,297203.9696,4106179.23,1,2,2,3,1,4,5,2,5,3,1,1,5,1,15,2,0
62,297203.9696,4106681.94,1,2,9,3,1,4,3,2,5,3,1,1,5,1,15,2,0
63,295431.2577,4106073.397,1,2,1,2,1,4,2,2,5,3,2,1,5,3,15,2,0
64,295373.0493,4105565.396,1,2,2,3,1,4,3,1,4,3,1,1,5,3,15,2,0
65,295637.6331,4104544.102,1,2,1,3,1,4,4,1,5,3,3,1,5,1,15,3,0
66,296870.5939,4105380.187,1,2,1,3,1,4,1,1,1,3,4,1,5,1,15,4,0
67,297076.9693,4103861.476,1,2,2,3,3,4,2,1,1,3,3,1,5,1,15,5,0
68,293717.0128,4106006.656,1,2,5,3,1,4,5,2,5,3,1,1,5,1,11,5,0
69,292542.2604,4105921.99,1,2,8,3,1,4,1,2,1,3,2,1,5,1,11,1,0
70,290210.1608,4106146.685,1,2,3,3,1,4,5,2,3,3,3,1,5,1,3,1,0
71,289363.4925,4105398.795,1,2,6,3,2,4,4,5,1,3,1,1,5,1,15,1,0
72,264758.5832,4090922.893,2,2,8,3,1,4,2,2,5,2,2,3,5,1,10,2,0
73,263391.5666,4088938.514,2,2,1,3,1,5,2,2,5,2,1,5,5,1,10,2,0
74,261627.6742,4086292.676,2,2,6,3,1,3,2,1,5,2,5,4,5,1,10,3,0
75,262950.5935,4082632.599,2,2,6,3,1,1,2,2,5,2,1,1,5,1,10,3,0
76,261583.5768,4079413.495,2,2,6,3,1,5,2,1,2,2,2,1,5,1,10,3,0
77,267580.8111,4080163.15,2,2,6,3,1,5,2,5,3,2,1,4,5,1,10,3,0
78,267801.2976,4077517.311,2,2,1,3,1,5,2,2,1,2,1,4,5,1,10,2,0
79,264582.194,4073504.456,2,2,6,3,1,5,2,1,2,2,5,4,5,1,7,2,0
80,267536.7137,4074165.915,2,2,1,3,1,5,2,2,1,2,5,4,5,1,10,2,0
81,353070.7969,4000993.778,2,2,1,3,1,1,2,5,1,1,5,4,1,1,10,3,0
82,351791.9749,4002316.698,2,2,5,3,1,3,2,5,1,1,3,4,1,1,10,2,0
83,349278.4282,4003639.617,2,2,1,3,1,3,2,5,1,1,2,4,1,1,10,3,0
84,347602.7304,4005227.12,2,2,1,3,1,3,2,5,1,1,2,5,1,1,15,3,0
85,345353.7675,4007872.959,2,2,1,3,1,3,2,5,3,1,5,5,1,1,10,3,0
86,345265.5729,4010254.214,2,2,1,3,1,5,2,5,5,1,2,5,1,1,10,3,0
87,340988.1338,4010606.992,2,2,1,3,1,3,2,5,2,1,4,4,1,1,7,4,0
88,339973.8957,4013870.193,2,2,5,3,1,3,2,5,1,1,5,5,1,1,10,3,0
89,337283.9597,4014752.139,2,2,1,3,1,3,2,5,1,1,1,5,1,1,10,1,0
90,329214.1519,4009548.657,2,2,2,3,1,4,2,2,2,1,3,3,1,1,4,1,0
91,329875.6116,4005976.774,2,2,2,3,4,4,2,2,1,2,1,2,1,1,3,5,0
92,333094.7152,4004697.952,2,2,2,3,1,5,2,2,2,1,5,1,1,1,3,1,0
93,336931.1812,4003110.449,3,2,2,3,1,4,2,5,2,1,1,2,1,1,3,1,0
94,340503.0634,4000067.735,3,2,2,3,1,5,2,5,1,1,1,3,1,1,3,1,0
95,340591.258,3997069.118,3,2,4,3,1,5,2,5,3,1,2,3,4,1,10,3,0
96,341561.3988,3994158.695,3,2,3,3,1,5,2,5,5,2,2,3,4,1,10,3,0
97,342663.8316,3991380.565,3,2,2,3,1,3,2,5,1,2,5,3,4,1,11,3,0
98,344251.3348,3989219.796,3,2,2,3,1,3,2,5,1,2,5,5,5,1,16,3,0
99,345486.0595,3986750.347,3,2,2,3,1,3,2,5,4,1,1,5,5,1,11,3,0
100,347470.4384,3989440.283,3,2,3,2,1,3,2,5,5,1,3,4,4,1,10,3,0
101,345397.8648,3994467.376,3,2,2,3,1,3,2,5,4,1,5,4,4,1,3,3,0
102,345309.6702,3998347.94,3,2,5,3,1,3,2,1,1,1,3,4,1,1,4,5,0
103,348881.5524,3994335.084,3,2,9,3,1,1,2,1,1,1,2,4,4,1,3,5,0
104,350954.126,3993585.43,3,2,5,3,1,1,2,1,3,1,1,4,4,1,10,3,0
105,351262.8071,3997245.507,3,2,1,3,1,1,2,1,1,1,2,4,1,1,10,3,0
106,348131.8981,3999273.983,3,2,1,3,1,1,2,1,1,1,5,4,1,1,10,2,0
107,345353.7675,4003022.255,3,2,5,3,1,1,2,5,1,1,5,4,1,1,3,3,0
108,342663.8316,4006461.845,3,2,1,3,1,1,2,5,3,1,5,4,1,1,3,4,0
109,340723.5499,4008313.932,3,2,5,3,1,1,2,5,2,1,3,4,1,1,3,1,0
110,338871.4629,4010166.019,2,2,1,3,1,1,2,5,2,1,3,4,1,1,3,1,0
111,336975.2786,4012326.787,2,2,1,3,1,1,2,5,4,1,2,4,1,1,3,4,0
112,333491.591,4012855.955,2,2,5,3,1,3,2,5,4,1,1,4,1,1,3,1,0
113,331948.1852,4011180.257,2,2,4,3,1,5,2,5,1,1,1,4,1,1,4,1,0
114,332653.7421,4007961.153,2,2,4,3,1,5,2,5,2,1,1,5,1,1,3,5,0
115,335079.0942,4009460.462,3,2,4,3,1,1,2,1,1,1,2,1,1,1,4,1,0
116,337151.6678,4006417.747,3,2,4,3,1,3,2,5,2,1,4,5,4,1,4,1,0
117,340326.6741,4004477.466,3,2,1,3,1,3,2,1,2,1,5,4,1,1,4,1,0
118,342840.2208,4001302.459,3,2,5,3,1,3,2,1,4,1,5,4,1,1,3,3,0
119,346456.2003,4011577.133,2,2,1,3,1,5,2,5,4,1,5,5,1,4,10,3,0
120,355319.7597,4003463.228,2,2,1,3,1,3,2,5,5,1,3,4,1,1,10,2,0
121,340944.0365,3992306.608,2,2,2,3,1,5,2,5,4,2,2,3,4,1,11,3,0
122,346279.8111,3985736.109,3,2,2,3,1,1,2,5,5,1,4,4,5,1,11,5,0
123,345838.8379,3991777.44,3,2,2,3,1,3,2,5,1,1,1,4,4,1,3,1,0
124,349146.1362,3991689.246,3,2,2,3,1,1,2,1,1,1,3,4,4,1,10,3,0
125,343060.7074,3997598.285,3,2,4,3,1,5,2,5,2,1,5,5,4,1,4,5,0
126,346015.2272,4000508.708,3,2,5,3,1,1,2,5,2,1,2,4,1,1,15,3,0
127,339444.7279,4002713.573,3,2,4,3,1,5,2,5,4,1,5,3,1,1,4,4,0
128,343319.9996,4012466.135,2,2,1,3,1,5,2,5,5,1,2,5,1,1,10,3,0
129,342275.7753,4015443.585,2,2,6,3,1,5,2,5,1,2,4,3,1,4,10,3,0
130,340046.2152,4015471.807,2,2,5,3,1,3,2,5,4,1,2,3,1,1,10,3,0
131,338141.2114,4016078.586,2,2,5,3,1,3,2,5,1,1,3,3,1,1,10,3,0
132,337463.8768,4017024.033,2,2,1,3,1,3,2,5,1,1,3,3,1,1,10,3,0
133,336193.8742,4016403.142,2,2,5,3,1,3,2,5,4,1,5,3,1,1,10,5,0
134,350160.3744,4005726.302,2,2,1,3,1,5,2,2,3,2,4,5,1,1,10,3,0
135,338624.518,3997202.586,2,2,4,3,1,4,2,5,4,2,3,2,4,1,11,3,0
136,336648.9585,3999001.756,2,2,3,3,1,4,2,5,1,2,4,1,4,4,4,3,0
137,334426.454,4000501.064,2,2,2,2,1,4,2,2,4,2,4,1,4,4,11,3,0
138,337213.404,4001418.288,3,2,4,3,1,4,2,5,1,1,1,1,1,1,10,3,0
139,333544.5078,4002741.208,2,2,3,3,5,4,2,2,3,1,1,1,1,1,10,3,0
140,334673.3989,4004399.267,3,2,2,3,1,5,2,5,3,1,5,2,1,1,10,3,0
141,330725.2198,4003311.533,2,2,3,3,1,4,2,2,1,2,4,1,4,4,10,3,0
142,328590.9099,4004881.397,2,2,2,3,1,4,2,2,1,2,1,1,1,1,11,3,0
143,329384.6615,4007121.541,2,2,9,3,1,4,2,2,1,1,2,2,1,1,11,3,0
144,329543.1179,4012093.365,2,2,4,3,1,4,2,2,1,1,5,5,1,1,4,1,0
145,326622.112,4011232.586,2,2,3,3,1,2,2,2,1,2,3,3,1,1,11,3,0
146,326170.5556,4012897.7,2,2,4,3,1,4,4,2,1,2,1,3,1,4,11,3,0
147,322120.6586,4010809.252,2,2,9,3,1,4,2,1,4,2,1,2,1,4,4,1,0
148,324505.4411,4009623.916,2,2,9,3,1,4,4,1,1,2,1,2,1,4,16,3,0
149,325154.5535,4008551.469,2,2,4,3,1,4,3,2,3,2,3,2,1,1,11,3,0
150,325718.9991,4009581.583,2,2,4,3,1,4,2,2,4,2,1,3,1,5,11,3,0
151,310943.7024,4023897.897,2,2,3,3,1,2,2,5,5,2,2,5,2,1,10,1,0
152,317827.7519,4033376.338,2,2,1,3,1,3,2,5,1,2,1,4,4,1,10,3,0
153,314432.259,4035272.522,2,2,6,3,1,3,2,5,1,1,3,4,4,1,3,5,0
154,310463.5011,4039108.988,2,2,1,3,1,1,2,5,1,1,3,4,4,1,10,3,0
155,306627.0351,4042372.189,2,2,6,3,1,1,2,5,3,1,4,4,5,1,10,5,0
156,304730.8507,4048193.034,2,2,1,3,1,3,2,5,1,2,1,4,4,1,10,3,0
157,300938.482,4050133.316,2,2,1,3,1,5,2,5,5,2,5,4,4,1,10,3,0
158,297234.3079,4051456.235,2,2,1,3,1,5,2,5,4,2,3,4,1,1,10,3,0
159,296484.6537,4047884.353,2,2,6,3,1,4,2,5,3,2,5,4,1,1,3,2,0
160,296440.5564,4044665.25,2,2,4,3,1,2,2,5,1,2,1,4,4,1,10,3,0
161,296175.9725,4041490.243,2,2,2,3,1,2,2,5,1,1,1,4,4,1,3,3,0
162,294897.1505,4038623.918,2,2,6,3,4,2,5,5,3,1,4,3,1,1,10,3,0
163,299218.6869,4033464.533,2,2,3,3,1,4,2,5,1,1,1,5,1,1,10,3,0
164,301820.4282,4030421.818,2,2,3,3,1,5,2,5,1,1,4,4,1,1,10,3,0
165,308920.0952,4027731.882,2,2,3,3,1,4,2,5,3,1,4,4,1,1,3,3,0
166,312491.9774,4035801.69,2,2,1,3,1,3,2,5,2,1,1,4,4,1,10,3,0
167,309008.2898,4033640.922,2,2,6,3,1,3,2,1,2,1,1,1,1,1,3,3,0
168,304289.8776,4037124.609,2,2,6,3,1,3,2,1,1,1,5,1,4,1,3,5,0
169,302217.304,4040916.978,2,2,6,3,1,5,2,5,2,1,3,1,4,1,3,3,0
170,301688.1363,4044356.568,2,2,1,3,1,5,2,1,2,1,3,4,5,1,3,5,0
171,300365.217,4047046.504,2,2,6,3,1,5,2,5,1,1,5,4,5,1,3,1,0
172,299791.952,4040035.032,2,2,3,3,1,4,2,5,2,1,4,4,4,1,8,3,0
173,299880.1466,4036727.734,2,2,2,3,1,4,2,5,4,1,5,4,4,1,3,5,0
174,304157.5857,4031788.835,2,2,3,3,1,3,2,5,3,1,3,4,1,1,3,3,0
175,306759.327,4029142.996,2,2,3,3,1,5,2,5,5,1,1,4,1,1,3,3,0
176,299086.395,4029672.164,2,2,2,3,1,5,2,5,3,1,1,5,1,1,10,2,0
177,307817.6624,4040123.227,2,2,6,3,1,1,2,5,3,1,4,4,4,1,3,4,0
178,310419.4038,4031215.57,2,2,7,3,1,3,2,1,2,1,4,1,1,1,3,3,0
179,293785.3103,4053237.767,2,2,1,3,1,5,2,5,3,2,1,4,1,1,10,3,0
180,288599.4666,4055777.772,2,2,6,3,1,4,2,2,1,2,5,4,1,1,12,3,0
181,284260.2913,4057682.776,2,2,5,3,4,2,2,2,1,2,3,4,1,1,10,2,0
182,278968.614,4060011.114,2,2,1,3,1,2,2,2,1,2,5,4,4,1,8,5,0
183,274841.1058,4061916.117,2,2,1,3,1,2,2,5,2,2,5,4,5,1,5,3,0
184,272512.7678,4069006.965,2,2,1,3,1,2,1,2,2,2,3,4,5,4,11,2,0
185,267750.2582,4062551.119,3,2,7,3,1,1,2,5,2,2,5,4,5,1,3,3,0
186,264998.5861,4059587.779,2,2,4,3,1,1,2,2,5,2,4,5,5,1,10,3,0
187,268279.426,4058846.945,2,2,3,3,1,1,2,5,5,2,1,4,5,1,11,2,0
188,306873.392,4036657.178,2,2,1,3,1,1,2,1,3,1,4,1,4,1,3,3,0
189,302287.2718,4034046.617,2,2,3,3,1,3,2,5,1,1,1,4,1,1,3,2,0
190,304051.1642,4041807.744,2,2,6,3,1,3,2,5,1,1,1,1,5,1,3,5,0
191,304756.7211,4045053.306,2,2,6,3,1,3,2,5,1,1,4,4,5,1,10,3,0
192,296501.7046,4035739.954,2,2,4,3,2,4,2,5,1,1,4,3,1,1,10,3,0
193,304051.1642,4028684.384,2,2,3,3,1,5,2,5,2,1,5,4,1,1,10,4,0
194,313928.9617,4032988.282,2,2,6,3,1,3,2,5,3,1,5,4,1,1,10,3,0
195,285772.829,4039695.483,5,2,3,3,1,5,2,2,3,2,5,1,1,1,16,5,0
196,284714.4936,4039395.621,5,2,3,3,1,5,2,2,3,2,3,1,1,1,16,3,0
197,285666.9955,4036591.032,5,2,4,3,1,5,2,2,3,2,1,1,1,1,4,3,0
198,286619.4974,4041424.097,5,2,3,3,1,4,2,2,5,2,1,2,1,1,10,3,0
199,284114.7701,4042112.015,5,2,7,3,1,4,2,2,3,2,1,2,1,1,16,3,0
200,283038.7958,4043946.463,5,2,4,3,1,4,2,1,1,2,1,2,1,1,16,2,0
201,285490.6062,4045287.022,2,2,4,3,1,4,2,2,4,2,4,3,2,1,10,3,0
202,283973.6587,4046574.663,2,2,4,3,1,4,2,1,4,2,4,3,1,5,16,2,0
203,284538.1043,4048215.083,2,2,4,3,1,5,5,1,5,2,3,3,1,1,10,3,0
204,286584.2195,4048215.083,2,2,4,3,1,4,2,2,4,2,2,3,2,1,10,3,0
205,288577.4179,4047721.193,2,2,3,3,1,4,2,2,5,2,4,5,2,1,10,3,0
206,289723.948,4046627.58,2,2,3,3,1,4,2,2,1,2,5,5,2,1,10,3,0
207,292158.1196,4044775.493,2,2,8,3,1,2,2,5,3,2,1,5,1,1,10,3,0
208,290235.4768,4042729.378,2,2,2,3,3,2,2,5,5,2,4,3,1,1,10,3,0
209,290464.7828,4038372.563,2,2,2,3,1,2,2,5,5,2,1,2,1,1,10,3,0
210,293004.7879,4038478.397,2,2,3,3,1,2,2,5,5,2,3,3,1,1,10,3,0
211,293675.067,4040312.845,2,2,7,3,2,1,2,5,1,2,1,3,1,1,4,3,0
212,292052.286,4042094.376,2,2,2,3,4,2,2,5,3,2,5,5,1,1,10,3,0
213,293622.1503,4045092.993,2,2,9,3,1,2,2,5,1,2,5,4,1,1,10,2,0
214,303455.8505,4050640.435,2,2,5,3,1,3,2,5,1,2,1,4,4,1,10,3,0
215,300175.0106,4052201.48,2,2,1,3,1,5,2,5,3,2,5,4,4,1,10,3,0
216,296629.5868,4054423.984,2,2,1,3,1,5,2,5,4,2,3,4,1,1,10,3,0
217,295095.0004,4051778.146,2,2,6,3,1,5,2,5,4,2,1,4,1,1,3,1,0
218,292184.5779,4051619.395,2,2,6,3,1,5,2,5,1,2,3,4,2,1,10,3,0
219,291099.7841,4054132.942,2,2,5,3,1,5,2,2,1,2,5,4,1,1,10,2,0
220,293983.7482,4055614.612,2,2,1,3,1,3,2,5,5,2,5,4,1,1,10,2,0
221,284458.7292,4049873.142,2,2,3,3,1,4,2,1,1,5,3,3,1,1,10,2,0
222,280304.7625,4050825.644,2,2,4,3,1,2,5,1,5,5,3,5,1,1,16,3,0
223,278479.1339,4047888.763,5,2,2,3,1,4,2,1,5,2,2,5,1,4,16,3,0
224,290235.4768,4056858.156,2,2,5,3,1,5,2,5,3,2,5,4,1,1,10,3,0
225,289441.7252,4054141.762,2,2,6,3,1,4,2,2,1,2,5,4,1,1,10,2,0
226,285825.7458,4055852.737,2,2,1,3,1,2,2,2,1,2,2,4,1,1,4,3,0
227,287713.1107,4058145.797,2,2,1,3,1,4,2,5,3,2,4,4,1,1,10,3,0
228,285719.9122,4057581.352,2,2,1,3,1,2,2,5,3,2,1,4,1,1,10,2,0
229,283744.3527,4056875.795,2,2,2,3,1,2,2,2,3,2,1,4,1,1,3,1,0
230,283497.4078,4059698.023,2,2,6,3,1,2,2,5,1,2,5,4,4,1,11,2,0
231,281310.1812,4058851.354,2,2,1,3,1,2,2,5,2,2,1,4,4,1,4,5,0
232,279511.0109,4058657.326,2,2,1,3,1,1,2,2,1,2,3,4,4,1,4,1,0
233,282103.9328,4062167.472,2,2,5,3,1,4,4,5,4,2,4,4,4,1,5,3,0
234,279740.3169,4062096.916,2,2,6,3,1,2,2,5,1,1,5,4,4,1,11,2,0
235,277923.5078,4063437.475,2,2,1,3,1,4,2,5,1,1,2,4,5,1,5,4,0
236,276600.5884,4065007.339,2,2,6,3,1,2,2,2,5,1,3,4,5,1,11,3,0
237,274977.8074,4065077.894,2,2,5,3,1,2,2,2,1,1,2,4,5,1,11,3,0
238,272808.2197,4063596.225,2,2,8,3,1,2,2,2,4,1,4,4,5,1,4,5,0
239,273072.8036,4061973.444,2,2,8,3,1,2,2,5,4,2,5,4,5,1,5,2,0
240,274395.7229,4060244.829,2,2,1,3,1,1,2,5,1,2,5,4,5,1,4,4,0
241,276230.171,4059592.189,2,2,5,3,1,1,2,5,1,2,3,4,5,1,3,4,0
242,277623.646,4061514.832,2,2,1,3,1,2,2,5,3,2,5,4,5,1,5,2,0
243,275454.0584,4063860.809,2,2,6,3,1,2,2,2,2,1,1,4,5,1,5,2,0
244,265474.69,4057196.97,2,2,7,3,1,1,2,2,4,2,5,5,5,1,10,3,0
245,313299.6931,3997821.412,5,2,5,3,1,3,2,5,4,2,1,5,4,1,10,2,0
246,307231.9032,4002336.976,5,2,1,3,1,1,2,5,4,2,3,4,4,1,10,3,0
247,303280.7842,3999303.081,2,2,7,3,1,3,2,5,3,1,5,4,4,1,10,3,0
248,298059.6626,3998244.746,2,2,8,3,1,1,2,5,5,1,5,4,5,1,3,3,0
249,292556.3183,4000149.75,2,2,5,3,1,1,2,5,1,1,5,4,5,1,3,1,0
250,286629.6397,4004030.313,2,2,2,3,1,1,2,5,3,1,1,4,5,1,5,3,0
251,279291.8473,4006288.095,2,2,3,3,1,1,2,5,1,2,1,5,5,1,10,2,0
252,273365.1688,4006358.651,2,2,3,3,1,1,2,2,1,2,2,5,5,1,10,3,0
253,277880.7334,4011791.44,2,2,3,3,1,1,2,5,5,1,5,5,1,1,3,3,0
254,282043.5195,4014049.222,2,2,8,3,1,1,2,5,3,1,3,5,1,1,3,1,0
255,286135.7499,4019905.345,2,2,5,3,1,5,2,5,4,2,3,4,1,1,10,3,0
256,282325.7422,4023292.018,2,2,5,3,1,4,2,5,1,2,1,4,1,1,10,3,0
257,290862.9815,4015813.114,2,2,5,3,1,3,2,5,1,1,5,4,1,1,3,1,0
258,288393.5322,4011861.995,2,2,6,3,1,1,5,5,1,1,5,4,4,1,10,3,0
259,290580.7588,4007275.875,2,2,4,3,1,1,2,5,2,1,3,4,5,1,10,1,0
260,296295.7702,4005511.983,2,2,7,3,1,1,2,5,1,1,3,4,4,1,10,1,0
261,300811.3348,4004030.313,2,2,6,3,1,1,2,5,4,1,4,1,4,1,10,3,0
262,302857.45,4005723.65,5,2,1,3,1,1,2,5,5,2,1,4,4,1,3,3,0
263,299047.4424,4009745.324,5,2,6,3,1,1,2,5,3,1,5,4,1,1,10,3,0
264,294814.1006,4010662.548,2,2,6,3,1,1,2,5,1,1,2,1,1,1,10,3,0
265,297142.4386,4013908.11,5,2,1,3,1,1,2,5,3,2,5,4,1,1,10,3,0
266,311041.9108,4001349.196,5,2,1,3,1,1,2,5,5,2,3,4,1,1,10,3,0
267,306032.4563,3996269.186,5,2,7,3,1,3,2,5,5,2,1,5,4,1,10,3,0
268,303671.0454,3980438.252,2,2,1,3,1,1,2,5,1,2,5,1,5,1,10,2,0
269,301289.7906,3977968.802,2,2,4,3,1,3,2,2,1,2,1,1,5,1,3,3,0
270,298423.4654,3980173.668,2,2,4,3,1,3,2,2,1,5,5,1,5,1,10,3,0
271,300407.8444,3983348.674,2,2,1,3,1,3,2,5,1,2,2,4,4,1,10,2,0
272,294763.3887,3983172.285,2,2,2,3,1,5,2,2,1,5,5,4,5,1,3,3,0
273,295557.1402,3989610.492,2,2,6,3,1,1,2,5,1,2,4,4,4,1,10,2,0
274,292249.842,3987229.238,2,2,2,3,1,5,2,5,4,2,4,4,5,1,3,5,0
275,289912.6845,3986215,2,2,4,3,1,5,2,5,3,2,4,4,5,1,10,3,0
276,285679.3427,3986259.097,2,2,3,3,1,3,2,2,3,5,2,4,5,1,11,2,0
277,282151.5579,3986964.654,2,2,3,3,1,3,2,1,1,5,5,5,5,1,11,3,0
278,284091.8395,3988199.378,2,2,7,3,1,3,2,2,3,2,1,4,5,1,11,3,0
279,288104.6948,3989478.2,2,2,5,3,1,1,2,5,3,2,1,4,5,1,10,3,0
280,284047.7422,3993358.764,2,2,1,3,1,1,2,5,4,2,5,3,5,1,10,3,0
281,279902.595,3991374.385,2,2,9,3,1,5,4,2,4,2,5,3,5,1,10,2,0
282,272582.4415,3995166.754,5,2,5,3,1,3,2,1,4,2,1,3,5,1,10,3,0
283,284047.7422,3997724.398,5,2,4,3,1,1,2,5,5,2,5,3,5,1,10,5,0
284,290265.463,3966327.113,2,2,8,3,1,1,2,2,4,5,4,4,4,1,10,2,0
285,285326.5642,3964827.804,2,2,8,3,1,3,2,1,5,5,5,4,1,1,11,5,0
286,279726.2058,3966106.626,2,2,4,3,4,5,2,3,5,5,2,4,1,1,11,3,0
287,278182.7999,3968708.367,2,2,5,3,1,5,2,3,4,5,1,5,4,1,10,3,0
288,275625.1559,3966723.988,2,2,5,3,1,5,4,3,3,5,3,4,1,1,10,2,0
289,272494.2469,3968267.394,2,2,5,3,1,5,2,3,3,5,2,4,1,1,10,3,0
290,270421.6733,3965886.139,2,2,1,3,1,3,2,3,1,5,5,5,1,1,10,2,0
291,270112.9921,3971310.109,2,2,9,3,1,3,1,3,5,5,5,4,4,1,10,2,0
294,295244.0493,3946827.282,5,2,2,3,1,5,2,5,3,1,5,4,1,1,3,1,0
295,293414.011,3948767.563,5,2,6,3,1,5,2,5,1,1,4,4,1,1,3,3,0
296,292046.9943,3952427.64,5,2,6,3,1,5,2,1,1,1,4,4,1,1,3,4,0
297,291694.2158,3955073.479,5,2,1,3,1,3,2,5,1,1,5,4,1,1,10,4,0
298,288166.431,3955426.257,2,2,6,3,1,3,2,5,4,2,5,4,1,1,10,3,0
299,285035.522,3955823.133,2,2,5,3,1,3,2,5,5,2,1,4,1,2,10,3,0
300,285895.4195,3953287.538,2,2,8,3,1,3,2,5,1,2,1,4,2,1,10,2,0
301,288585.3555,3950906.283,2,2,3,3,2,5,2,5,5,1,1,4,2,1,10,3,0
302,289665.7396,3948701.418,2,2,7,3,1,5,2,5,3,1,1,4,2,1,3,3,0
303,289886.2261,3946143.774,5,2,7,3,1,5,2,5,3,1,5,4,1,1,10,3,0
304,287306.5335,3947687.179,2,2,8,3,1,5,2,5,4,1,4,4,2,1,10,1,0
305,284616.5975,3948701.418,2,2,3,3,1,5,2,2,4,2,1,4,2,1,10,3,0
306,282874.7538,3947709.228,2,2,7,3,1,5,2,2,3,1,1,4,2,1,10,2,0
307,283800.7973,3951214.964,2,2,7,3,1,3,2,5,5,2,5,4,2,1,10,2,0
308,288629.4528,3953706.462,2,2,6,3,1,5,2,5,4,2,3,4,1,1,3,2,0
309,293439.7344,3961564.97,5,2,8,3,1,1,2,5,1,1,5,4,4,1,10,3,0
310,292645.9828,3958037.186,5,2,8,3,1,1,2,5,1,1,1,4,1,1,10,2,0
311,290176.5334,3958830.937,5,2,6,3,1,1,2,5,3,2,5,4,1,1,10,2,0
312,287222.0136,3958566.353,2,2,6,3,1,3,2,5,4,2,5,4,1,1,10,5,0
313,284576.175,3961741.36,2,2,1,3,1,3,2,2,1,2,5,4,1,1,10,3,0
314,283429.6449,3959227.813,2,2,7,3,1,3,2,2,4,2,1,4,1,1,10,3,0
315,281533.4606,3957860.796,2,2,8,3,1,1,2,2,3,2,5,4,2,1,10,3,0
316,280651.5144,3960594.83,2,2,1,3,1,3,2,1,1,5,5,4,1,1,10,2,0
317,277520.6053,3957948.991,2,2,8,3,1,1,2,2,4,5,1,5,2,1,10,3,0
318,273684.1393,3960021.565,2,2,8,3,1,1,2,1,5,5,2,5,2,1,10,3,0
319,279504.9843,3952260.438,2,2,7,3,1,1,2,5,5,2,4,4,2,1,10,3,0
320,280827.9036,3949614.599,2,2,8,3,1,3,2,5,1,2,5,4,2,1,10,2,0
321,278358.4542,3948732.653,2,2,3,3,1,3,2,2,3,2,1,4,2,1,10,3,0
322,282150.8229,3945998.62,2,2,7,3,1,3,2,2,5,1,5,4,2,1,10,3,0
323,276859.1457,3944499.311,5,2,3,3,1,3,2,2,2,1,3,4,2,6,10,3,0
324,278446.6488,3943705.56,5,2,2,3,1,3,2,2,2,1,2,4,2,1,10,3,0
325,275007.0586,3943793.754,5,2,8,3,1,3,2,2,2,1,3,4,2,1,10,3,0
326,275933.1021,3948997.237,2,2,7,3,1,3,2,5,5,2,3,4,2,1,10,2,0
327,275227.5452,3952701.411,2,2,3,3,1,1,2,5,5,2,3,4,2,1,10,3,0
328,273022.6797,3954685.79,2,2,7,3,1,1,2,5,5,2,5,5,2,1,10,2,0
329,271126.4953,3954906.277,2,2,3,3,1,1,2,2,1,2,3,5,3,1,10,3,0
330,271832.0523,3951290.297,2,2,7,3,1,1,2,5,1,2,1,4,2,1,10,3,0
331,273507.7501,3950672.935,2,2,7,3,1,1,2,5,5,2,3,4,2,1,10,2,0
332,270994.2034,3949482.307,2,2,3,3,1,1,2,5,5,1,5,4,2,1,10,3,0
333,263753.425,3948838.487,2,2,8,3,1,1,2,5,1,1,1,4,2,3,3,2,0
334,266787.32,3952295.716,2,2,2,3,1,1,2,2,5,2,1,5,2,1,10,3,0
335,264106.2035,3954200.72,2,2,2,3,1,1,2,2,4,5,4,5,2,2,10,2,0
336,251970.6237,3961891.291,2,2,3,3,1,5,2,1,5,5,1,4,1,1,10,2,0
337,261283.9756,3964290.184,2,2,7,3,1,1,2,2,1,5,5,4,1,1,10,2,0
338,265305.6503,3961961.846,2,2,8,3,1,1,2,1,1,5,5,5,2,1,10,3,0
339,266363.9858,3970499.086,2,2,5,3,1,3,1,1,4,5,2,4,1,1,10,3,0
340,262695.0896,3970569.641,2,2,1,3,1,1,2,1,5,5,5,4,1,2,10,3,0
341,255710.0756,3968523.526,3,2,8,3,1,1,2,2,1,5,5,4,1,1,10,2,0
342,253875.6275,3970499.086,3,2,8,3,1,1,2,2,3,5,5,4,1,1,10,3,0
343,247455.0591,3971980.755,3,2,2,3,1,1,2,2,1,5,2,4,1,1,10,3,0
344,245126.7211,3974309.093,3,2,2,3,1,1,2,2,1,5,5,4,1,1,10,2,0
345,240681.7122,3974309.093,2,2,3,3,1,1,2,5,3,2,5,4,1,1,10,3,0
346,241598.9363,3972545.201,2,2,2,3,1,1,2,2,3,2,4,4,1,1,10,3,0
347,238282.8185,3971275.198,2,2,2,3,1,1,2,2,1,1,4,4,1,1,11,2,0
348,249289.5072,3965771.854,3,2,8,3,1,3,2,1,1,5,3,4,1,1,10,2,0
349,249501.1743,3967676.858,3,2,8,3,1,3,3,2,5,5,5,4,1,1,10,2,0
350,247243.392,3967253.524,3,2,4,3,1,3,2,1,1,5,5,4,1,6,10,2,0
351,257544.5237,3966406.855,3,2,6,3,1,1,2,2,5,5,4,4,1,1,10,2,0
352,252927.5353,3974638.721,2,2,6,3,1,1,2,5,1,5,1,4,1,1,10,3,0
353,257557.7529,3972433.855,2,2,1,3,1,1,2,2,3,5,5,4,1,1,10,3,0
354,256058.4443,3975873.445,3,2,3,3,1,1,2,2,5,3,2,4,1,1,10,2,0
355,253809.4815,3977549.143,3,2,3,3,1,1,2,2,5,3,2,4,1,1,10,3,0
356,250149.4047,3979445.327,3,2,7,3,1,1,2,2,1,4,5,4,1,3,15,2,0
357,248297.3177,3977725.532,3,2,2,3,1,1,2,5,5,3,1,4,1,1,10,2,0
358,243667.1001,3976623.1,3,2,2,3,1,1,2,5,3,5,1,4,1,1,10,3,0
359,244460.8517,3980503.663,3,2,4,3,1,1,5,5,1,3,2,4,1,1,10,3,0
360,244372.6571,3984163.74,3,2,2,3,1,1,2,5,1,3,3,4,1,1,10,3,0
361,241770.9158,3981914.777,3,2,3,3,1,1,2,5,1,2,3,4,1,3,10,2,0
362,240183.4126,3980944.636,3,2,7,3,1,1,2,5,4,1,5,4,1,3,10,2,0
363,240227.5099,3987294.649,3,2,7,3,1,3,2,2,3,5,3,4,1,1,10,3,0
364,237846.2551,3986412.702,3,2,9,3,1,3,2,5,4,2,5,4,1,1,10,2,0
365,236479.2385,3988176.595,3,2,5,3,1,3,2,2,4,2,1,4,1,1,11,2,0
366,261544.1498,3983427.315,2,2,6,3,1,3,3,4,4,3,5,4,5,3,10,3,0
367,257169.6966,3989353.993,3,2,3,3,1,3,2,4,1,3,1,4,5,2,10,2,0
368,245810.2294,3997538.454,3,2,4,3,1,5,2,3,5,3,1,4,4,1,10,3,0
369,241082.9977,4002547.908,3,2,9,3,1,4,2,4,4,3,3,1,1,1,6,2,0
370,276866.4952,4017294.049,2,2,5,3,1,3,2,5,5,2,4,5,1,1,10,5,0
371,234649.4941,4000545.89,3,2,3,3,1,5,2,1,3,3,5,1,1,2,10,2,0
372,229886.9846,3998482.136,3,2,4,3,1,3,2,2,1,2,1,1,1,2,11,3,0
373,234861.1612,3992872.958,2,2,3,3,1,3,2,1,1,5,5,4,1,2,10,2,0
374,235496.1625,4004673.399,3,2,5,3,1,4,2,4,1,3,5,1,1,1,3,3,0
375,233538.2419,4010758.828,3,2,1,3,1,5,4,3,1,3,5,1,1,1,11,2,0
376,229939.9014,4014304.251,3,2,7,3,1,5,2,1,4,5,4,4,1,1,11,3,0
377,230045.7349,4015891.754,3,2,8,3,1,5,4,3,1,5,4,4,1,1,3,2,0
378,253858.2825,4015256.753,5,2,3,3,1,3,2,1,1,5,4,5,5,1,10,3,0
379,255974.9534,4012346.331,5,2,8,3,1,3,2,1,3,5,1,5,5,1,10,5,0
380,264864.9712,4000651.724,5,2,9,3,1,5,2,1,4,2,1,3,5,3,11,5,0
381,265447.0557,4008536.323,5,2,4,3,1,3,2,1,3,2,4,3,5,1,10,3,0
382,258356.2082,4017479.258,2,2,3,3,1,5,2,2,5,2,5,5,5,1,10,2,0
383,253858.2825,4020389.68,2,2,2,3,1,3,2,1,5,5,1,4,5,1,10,3,0
384,257509.5398,4029385.531,2,2,5,3,1,1,2,1,5,5,4,4,5,1,10,3,0
385,268198.7279,4020601.347,2,2,6,3,1,4,2,2,1,5,5,5,5,1,10,2,0
386,273966.6561,4033195.539,5,2,1,3,1,3,2,2,1,2,2,5,1,1,10,3,0
387,270156.6485,4036105.962,5,2,6,3,1,3,2,2,4,2,1,3,1,1,10,3,0
388,264282.8867,4039069.301,2,2,1,3,1,1,2,1,4,5,3,5,4,1,10,3,0
389,261107.8804,4041080.138,2,2,1,3,1,1,2,3,5,5,5,5,4,1,11,3,0
390,256980.3721,4047165.567,5,2,1,3,1,1,2,3,1,5,1,3,4,1,10,3,0
391,253593.6987,4049652.655,5,2,1,3,1,3,2,3,5,5,1,3,4,1,10,3,0
392,244968.2648,4035470.96,2,2,6,3,1,1,3,1,3,5,5,4,1,1,10,3,0
393,240893.6733,4031290.535,5,2,4,3,1,1,2,1,3,5,1,4,1,1,5,5,0
394,263330.3848,4063728.517,2,2,2,3,1,2,2,2,5,2,2,4,5,1,10,3,0
395,259732.0443,4063940.184,2,2,4,3,1,1,2,1,5,5,5,4,5,1,15,3,0
396,262589.55,4073253.536,2,2,6,3,1,2,1,1,1,2,5,4,5,1,10,3,0
397,257139.1224,4072459.784,3,2,1,3,1,1,2,3,5,5,1,4,5,1,3,5,0
398,245709.0996,4071189.782,2,2,3,3,1,4,2,1,4,3,5,4,5,1,10,3,0
399,258250.3747,4089446.068,2,2,1,3,1,5,3,4,3,5,5,4,5,1,10,2,0
400,243327.8448,4083836.89,3,2,4,3,1,2,2,2,1,5,5,4,4,1,11,3,0
401,239306.1701,4086059.395,3,2,4,3,1,4,2,2,1,3,5,4,4,1,10,2,0
402,241264.0907,4087964.399,3,2,3,3,1,2,2,2,4,3,5,4,4,1,16,2,0
403,236448.6644,4088228.982,3,2,4,3,1,5,2,2,5,3,3,4,1,1,10,2,0
404,234808.2444,4081402.719,2,2,3,3,1,4,2,1,4,3,5,4,1,1,10,3,0
405,264441.637,4095319.83,2,2,6,3,1,4,2,2,1,2,1,2,5,1,10,3,0
406,261319.5475,4091986.073,2,2,1,3,1,3,2,1,4,2,5,3,5,1,10,3,0
407,242692.8435,4097171.917,3,2,1,3,1,2,2,3,5,4,1,4,5,1,16,3,0
408,239941.1714,4094896.496,3,2,2,3,1,4,2,1,4,4,1,4,4,2,5,5,0
409,239306.1701,4100505.674,3,2,1,3,1,4,2,3,1,3,3,4,5,2,10,3,0
410,235390.3289,4103574.846,3,2,5,3,1,3,2,1,1,5,5,4,4,1,10,3,0
411,237718.6669,4107490.688,3,2,6,3,1,5,2,3,3,5,5,4,5,1,10,2,0
412,246132.4338,4109819.026,2,2,1,3,1,3,2,4,5,5,5,5,5,5,10,3,0
413,251053.6936,4114740.285,2,2,1,3,1,1,2,3,1,2,5,5,5,4,11,2,0
414,254069.9496,4114052.367,2,2,8,3,1,1,2,3,1,2,1,5,5,5,11,3,0
415,260684.5462,4097595.251,2,2,1,3,1,3,2,3,1,2,2,2,5,4,10,3,0
416,259308.7101,4081085.218,2,2,6,3,1,5,1,3,5,2,2,4,5,1,10,3,0
417,253117.4477,4082143.554,3,2,6,3,1,2,2,4,1,3,5,5,5,1,11,3,0
418,252852.8639,4078280.629,3,2,1,3,1,2,2,3,4,3,3,5,5,1,3,4,0
419,249201.6066,4083307.723,3,2,1,3,1,4,2,1,3,3,5,5,5,1,15,3,0
420,231262.8207,4101140.675,3,2,7,3,1,3,2,2,3,5,5,4,4,2,15,3,0
421,225230.3086,4106009.018,3,2,8,3,1,1,2,2,4,1,1,4,1,2,10,2,0
422,220361.9655,4108443.19,3,2,2,3,1,1,2,2,3,1,2,1,1,2,10,3,0
423,221261.5507,4104686.099,3,2,7,3,1,1,2,5,5,1,5,1,1,2,10,3,0
424,215969.8734,4102992.762,3,2,4,3,1,1,2,2,1,2,5,1,1,2,10,3,0
425,204857.3512,4096219.415,3,2,4,3,1,1,2,1,3,4,5,4,2,1,6,3,0
426,211736.5316,4107067.353,3,2,1,3,1,5,2,2,1,1,2,1,2,1,3,1,0
427,220414.8823,4116010.288,3,2,5,3,1,1,2,2,3,1,2,1,1,2,10,3,0
428,223272.388,4117491.958,3,2,6,3,1,1,2,2,4,1,2,4,1,2,10,3,0
429,230733.653,4114634.452,3,2,1,3,1,3,2,4,3,1,1,4,4,2,15,2,0
430,226711.9782,4110083.61,3,2,7,3,1,1,2,4,1,1,5,4,4,1,3,2,0
431,206603.6047,4104791.932,3,2,3,3,1,2,3,3,4,1,5,1,2,3,14,2,0
432,200729.8429,4104104.014,3,2,8,3,1,1,1,3,1,1,5,1,2,3,14,2,0
433,203587.3487,4105268.183,3,2,8,3,1,1,4,3,1,1,5,1,2,3,14,2,0
434,201417.761,4108337.356,3,2,3,3,5,4,2,1,4,1,5,1,2,3,14,2,0
435,232374.0729,4109236.941,3,2,5,3,1,3,4,4,3,1,4,4,4,2,11,3,0
436,191733.9916,4102759.046,3,2,4,3,1,4,3,3,1,2,1,4,2,3,10,2,0
437,271951.409,4020554.016,2,2,6,3,1,5,2,2,4,5,3,5,4,1,10,1,0
438,216748.6319,4041375.002,3,2,7,3,1,4,2,3,3,4,5,4,1,1,6,3,0
439,217030.8547,4055909.476,3,2,6,3,1,2,2,4,5,4,5,4,2,1,10,3,0
440,212374.1787,4058625.87,3,2,6,3,1,2,2,4,5,4,1,4,3,1,11,5,0
441,209904.7294,4061342.264,3,2,6,3,1,2,2,4,1,4,2,4,2,1,3,5,0
442,208705.2825,4065152.272,3,2,1,3,1,1,2,3,1,4,2,4,1,1,3,1,0
443,217701.1338,4071784.507,5,2,1,3,1,3,1,3,5,5,4,5,5,1,11,3,0
444,202355.2698,4073407.288,3,2,4,3,1,4,2,1,1,4,3,4,1,1,3,4,0
445,201826.1021,4076405.906,3,2,8,3,1,5,2,1,5,4,2,4,4,1,6,2,0
446,205953.6103,4069420.892,3,2,1,3,3,1,2,1,1,4,5,4,1,1,3,1,0
447,197239.9818,4049841.686,3,2,9,3,1,3,2,4,3,3,5,4,3,1,11,2,0
448,196358.0356,4051005.855,2,2,4,3,1,1,2,4,5,3,5,4,3,1,11,3,0
449,201261.6565,4048324.738,2,2,4,3,1,2,2,3,1,3,1,4,3,1,10,2,0
450,201896.6578,4041128.057,2,2,7,3,1,3,1,3,1,3,3,4,3,1,10,2,0
451,198509.9843,4040916.39,2,2,4,3,1,1,2,4,5,3,5,1,3,1,10,5,0
452,200556.0995,4038552.774,2,2,2,3,1,1,4,3,5,5,2,1,3,1,11,3,0
453,203166.6603,4032555.54,5,2,6,3,1,1,2,2,1,2,5,4,2,1,10,3,0
454,210622.6336,4042724.38,3,2,3,3,1,5,2,3,1,4,1,4,2,1,11,2,0
455,207482.9051,4043994.382,3,2,4,3,1,4,2,1,5,4,5,4,2,1,3,3,0
456,205948.3187,4045017.44,3,2,3,3,1,4,2,1,5,4,2,4,3,1,12,3,0
457,200303.8629,4045846.469,2,2,3,3,1,5,2,3,5,3,1,4,3,3,10,2,0
458,208135.5453,4047116.472,2,2,6,3,1,4,2,1,1,4,2,4,2,1,15,2,0
459,197158.8427,4084246.407,3,2,4,3,1,3,2,2,5,4,1,4,1,1,15,1,0
460,187351.6009,4091301.977,3,2,7,3,1,1,2,3,3,4,3,4,1,1,10,3,0
461,196735.5086,4102626.166,3,2,9,3,1,2,3,4,1,2,5,4,2,3,15,2,0
462,215185.8232,4096205.598,3,2,2,0,1,2,2,1,1,4,5,4,1,3,15,2,0
463,216738.0486,4093277.537,3,2,6,3,5,4,3,3,1,4,1,4,1,3,6,2,0
464,212257.7618,4087033.357,3,2,4,3,1,4,1,3,1,4,4,4,4,1,11,3,0
465,208377.1985,4101391.442,3,2,4,3,1,1,2,3,3,5,2,1,2,1,3,2,0
466,334631.326,4017709.482,2,2,6,3,1,3,2,5,4,1,2,5,1,1,10,3,0
467,332073.682,4016077.882,2,2,1,3,1,5,2,5,2,1,4,4,1,1,3,5,0
468,330486.1788,4014931.352,2,2,4,3,5,5,2,5,5,1,1,4,1,1,3,3,0
469,330486.1788,4019870.251,2,2,5,3,1,5,2,5,2,1,1,4,1,1,3,1,0
470,327619.8537,4022383.797,2,2,1,3,1,5,2,5,5,1,5,4,1,1,3,3,0
471,326958.394,4025338.317,2,2,1,3,1,3,2,5,3,1,1,4,1,1,10,3,0
472,325326.7935,4021325.462,2,2,1,3,1,5,2,5,1,1,2,4,1,1,7,2,0
473,322151.7872,4023662.619,2,2,5,3,1,5,2,5,3,1,5,4,2,1,3,1,0
474,322548.663,4027322.696,2,2,5,3,1,5,2,5,3,2,1,4,2,1,10,3,0
475,321622.6195,4029968.535,2,2,6,3,1,3,2,5,5,2,2,4,1,1,10,3,0
476,317168.7911,4030497.702,2,2,1,3,1,5,2,5,5,1,5,4,1,1,3,4,0
477,313376.4224,4030806.384,2,2,5,3,1,5,2,1,2,1,5,4,1,1,10,3,0
478,312714.9628,4026352.555,2,2,3,3,1,4,2,5,3,1,1,4,2,1,3,3,0
479,316551.4288,4026087.971,2,2,2,3,1,4,2,5,3,1,1,4,3,1,5,3,0
480,318712.197,4027675.474,2,2,1,3,1,5,2,5,1,1,3,4,2,1,10,3,0
481,315184.4121,4028557.421,2,2,4,3,1,5,2,5,1,1,4,4,2,1,10,3,0
482,331412.2224,4021854.63,2,2,1,3,1,3,2,5,3,1,5,5,1,1,10,3,0
483,330129.4316,4073897.834,1,2,5,2,1,4,2,2,5,2,4,1,3,1,11,3,0
484,328652.1717,4073280.472,1,2,2,3,1,4,2,2,3,5,5,1,3,1,3,5,0
485,327439.4957,4075198.705,1,2,4,3,1,2,2,2,4,3,5,1,3,1,3,1,0
486,326623.6954,4073721.445,1,2,3,3,1,2,2,2,5,3,5,1,3,1,3,1,0
487,325675.6033,4073743.494,1,2,2,3,1,2,2,1,4,3,5,1,3,1,3,5,0
488,324551.1218,4072993.839,1,2,4,3,1,4,2,2,4,3,4,1,3,1,11,5,0
489,325719.7006,4072376.477,1,2,2,3,1,5,2,2,4,5,5,1,3,1,11,5,0
490,327196.9605,4072729.256,1,2,2,3,1,4,2,2,4,5,1,1,3,1,11,5,0
491,313744.341,4086031.944,1,2,1,3,1,4,2,1,3,4,5,1,3,1,3,3,0
492,306175.0376,4093735.744,1,2,5,3,1,2,2,1,1,4,5,1,2,1,3,4,0
493,305800.2105,4094904.323,1,2,1,3,1,2,2,1,5,4,5,1,2,1,15,5,0
494,304521.3885,4094772.031,1,2,5,3,1,4,2,1,1,3,5,1,3,1,3,1,0
495,304300.9019,4096756.41,1,2,6,3,1,2,2,1,5,3,5,1,1,1,3,3,0
496,303396.9071,4096646.167,1,2,2,3,1,4,2,1,1,3,5,1,2,1,3,5,0
497,307872.7841,4096161.096,1,2,1,3,1,2,3,1,1,4,3,1,1,1,15,3,0
498,312039.9799,4089590.597,1,2,1,3,1,2,4,2,5,4,2,1,2,1,3,4,0
499,312849.6065,4087238.153,1,2,1,3,1,4,2,1,2,4,5,1,3,1,3,1,0
500,311591.9512,4087714.404,1,2,9,3,1,5,2,2,1,4,5,1,3,1,3,5,0
501,229767.2369,4096271.25,3,2,3,3,1,3,2,5,5,4,5,4,1,2,10,2,0
502,227871.0525,4095984.617,3,2,4,3,1,3,2,5,4,4,3,4,1,2,10,2,0
503,225666.187,4093757.703,3,2,8,3,1,5,2,2,1,4,5,1,1,2,10,3,0
504,225908.7222,4087760.469,3,2,1,3,2,2,2,2,3,4,4,4,1,3,15,5,0
505,229480.6043,4090803.183,3,2,1,3,1,4,2,5,3,4,4,4,1,1,11,2,0
506,222939.5033,4107354.374,3,2,7,3,1,1,2,2,3,1,1,1,1,2,10,2,0
507,234713.4852,4083541.826,2,2,3,3,1,4,2,2,4,3,4,4,1,1,10,2,0
508,238610.585,4079286.436,2,2,7,3,1,2,2,1,1,3,2,4,1,1,10,3,0
509,244277.0894,4080587.306,3,2,4,3,1,2,2,2,4,3,5,5,5,1,11,3,0
510,279367.3404,4027040.861,5,2,5,3,1,4,2,2,5,2,1,4,1,1,10,3,0
935,312277.1207,4114899.534,2,4,4,2,1,3,2,5,4,1,3,1,5,4,16,1,1
737,262470.671,4110913.246,5,3,8,3,1,4,5,3,1,2,5,3,5,4,11,1,1
837,277719.348,4113982.921,1,3,3,1,1,5,2,5,1,5,1,1,5,5,12,1,1
655,320202.2347,4105784.419,5,5,6,1,1,1,2,5,5,2,5,1,5,4,13,1,1
784,309114.7158,4103838.426,3,4,8,1,1,3,2,5,1,3,5,1,5,4,13,1,1
548,311454.4246,4104587.613,5,4,7,3,1,3,2,5,3,5,5,1,5,5,13,1,1
1003,266584.498,4107806.158,3,4,3,3,1,2,2,1,5,5,4,3,5,4,13,1,1
922,229181.6451,4064149.104,4,5,3,3,1,5,2,5,5,3,1,4,4,5,13,1,1
517,271952.5344,4106178.809,3,4,8,3,1,4,2,5,1,3,2,4,5,4,13,1,1
685,277418.853,4104459.819,3,4,8,3,1,4,2,5,5,5,5,4,5,4,13,1,1
513,271642.5648,4104768.236,2,4,2,1,1,4,2,2,1,5,1,5,5,4,13,1,1
740,272635.2243,4103075.781,2,3,3,1,1,5,2,2,1,5,1,5,5,4,13,1,1
556,270779.5795,4104853.239,2,5,3,2,1,4,2,2,5,5,5,5,5,4,13,1,1
635,270582.7512,4113063.818,3,4,7,3,1,4,2,5,1,4,3,1,5,4,15,1,1
953,327439.571,4035770.001,4,5,6,1,1,1,2,2,1,2,5,4,4,4,15,1,1
538,314157.4783,4110633.213,5,5,8,1,1,3,2,5,1,1,1,1,5,4,16,1,1
715,273863.6077,4108317.434,3,4,3,3,1,4,2,5,1,3,1,1,5,4,16,1,1
846,312449.1291,4113754.717,2,4,7,3,1,3,2,5,4,1,3,1,5,4,16,1,1
549,320632.1648,4103925.178,5,4,8,2,1,1,2,5,1,2,3,1,5,4,16,1,1
743,332760.5896,4092484.587,5,4,8,1,1,5,2,5,1,1,5,1,5,4,16,1,1
620,320521.588,4103372.51,5,5,8,1,1,1,2,5,1,2,5,1,5,4,16,1,1
898,309795.773,4105549.867,3,4,7,1,1,3,2,5,1,5,5,1,5,5,16,1,1
642,317766.0989,4100502.285,2,4,4,3,1,3,2,5,4,5,5,1,4,5,16,1,1
515,322754.1998,4089604.503,1,5,5,3,1,1,2,5,1,3,5,1,2,6,9,2,1
728,192246.5707,4039251.882,5,3,5,3,1,1,4,4,4,2,3,4,2,6,11,2,1
907,254583.0756,4122554.306,2,4,4,3,1,1,2,2,1,1,4,4,5,5,11,2,1
729,191597.2352,4039923.245,5,3,2,2,1,1,1,4,3,5,4,4,2,6,11,2,1
954,254992.3664,4023640.17,2,5,6,3,1,3,2,1,1,5,5,4,5,3,11,2,1
606,210489.924,4036769.177,2,3,9,3,1,5,3,3,1,4,2,4,2,4,12,2,1
726,218380.7352,4053110.371,3,3,5,3,1,4,1,4,1,4,3,4,1,2,14,2,1
727,218380.7352,4053110.371,3,3,5,3,1,4,1,4,1,4,3,4,1,2,14,2,1
824,210366.8878,4051648.549,2,3,2,2,1,4,2,3,5,4,3,4,2,6,14,2,1
857,220770.5128,4063061.526,2,5,6,3,1,5,2,3,1,4,4,4,1,2,14,2,1
825,211910.7654,4050917.737,3,5,4,3,1,5,2,3,1,4,5,4,2,6,14,2,1
866,213444.5337,4037133.623,2,4,5,3,1,4,5,3,1,4,5,4,2,4,14,2,1
735,214807.2667,4064646.763,2,4,4,3,1,2,2,4,4,4,5,4,1,3,14,2,1
516,221920.9813,4064042.476,5,3,5,2,1,3,2,1,5,4,5,4,4,5,14,2,1
944,212305.7826,4044855.691,2,5,5,3,1,5,2,3,5,4,5,4,2,6,14,2,1
778,230113.7306,4054276.664,5,4,9,3,1,1,2,2,1,4,5,5,4,2,14,2,1
850,306415.9911,4102543.009,1,3,7,2,1,5,5,5,1,3,1,1,5,3,15,2,1
706,325044.8789,4086658.732,1,4,6,2,1,1,2,5,1,3,2,1,3,6,15,2,1
748,313099.6025,4110810.796,2,4,1,3,1,3,2,5,4,2,3,1,5,4,15,2,1
530,305946.7613,4105791.638,3,5,4,3,1,3,2,5,5,3,3,1,5,4,15,2,1
897,309573.9103,4111043.899,3,5,4,3,1,1,2,5,1,2,4,1,5,4,15,2,1
838,277009.1664,4108603.816,3,4,5,3,2,4,2,5,1,3,4,1,5,4,15,2,1
842,325350.7667,4085881.681,1,5,6,1,5,1,2,5,1,3,5,1,3,5,15,2,1
809,310403.3103,4094065.125,1,5,8,1,1,2,1,1,5,3,5,1,1,3,15,2,1
750,307903.7228,4108183.101,2,5,6,2,1,3,2,5,1,5,5,1,5,4,15,2,1
963,306167.783,4080839.507,1,5,9,2,1,3,2,5,5,5,5,1,3,6,15,2,1
698,213347.8594,4047721.848,3,5,7,1,1,3,2,3,1,4,1,4,2,6,15,2,1
926,213634.6664,4036849.571,3,2,2,3,1,4,1,3,1,4,2,4,2,4,15,2,1
633,221207.9219,4061226.589,2,5,9,1,1,5,2,3,1,4,3,4,1,1,15,2,1
834,224399.6656,4027242.556,3,3,8,2,3,5,2,1,3,3,4,4,2,2,15,2,1
588,210697.1421,4068796.808,2,3,9,2,1,2,2,3,4,4,4,4,5,4,15,2,1
804,248012.3251,4065672.064,2,5,8,2,4,4,1,1,5,3,5,4,5,4,15,2,1
798,242842.4199,4107354.64,3,3,1,2,1,5,2,4,5,3,5,4,5,5,15,2,1
951,242590.7072,4107208.02,3,4,5,2,1,5,4,4,5,3,5,4,5,5,15,2,1
711,211649.4711,4068301.769,2,4,5,3,1,2,2,3,1,4,5,4,5,4,15,2,1
886,213808.5712,4046595.537,3,5,9,2,1,3,2,3,1,4,5,4,1,6,15,2,1
761,221219.5485,4060053.638,2,5,9,3,1,4,2,1,4,4,5,4,1,3,15,2,1
670,212691.7623,4067525.957,2,4,4,2,1,2,2,4,5,4,5,4,4,4,15,2,1
924,214597.1708,4065054.95,2,4,7,2,1,2,3,4,5,4,5,4,1,3,15,2,1
539,228509.8232,4053123.868,5,5,5,2,1,3,2,1,1,4,1,5,4,2,15,2,1
1021,248205.3603,4103984.246,2,5,1,2,1,5,3,4,5,3,1,5,5,4,15,2,1
892,217776.3561,4033102.844,3,5,9,3,1,3,2,3,5,4,2,5,1,4,15,2,1
634,228804.777,4052219.682,2,4,9,2,1,3,2,1,5,4,4,5,4,2,15,2,1
911,221304.4725,4038079.881,2,4,1,3,1,4,2,1,4,4,5,5,1,3,15,2,1
929,223091.4212,4038608.693,5,5,7,2,1,2,2,1,5,4,5,5,1,3,15,2,1
791,240697.1893,3969822.874,5,3,3,2,1,1,4,2,1,2,5,4,1,6,16,2,1
731,230434.5516,4053402.732,5,5,8,3,1,1,4,1,5,3,5,5,4,2,16,2,1
877,262112.4385,4035687.278,2,2,1,3,1,1,2,1,1,5,5,4,4,1,10,3,1
956,307666.5641,4079171.227,3,5,4,3,1,3,2,5,4,5,1,1,3,6,11,3,1
845,307330.2821,4109028.789,2,5,1,3,1,1,2,5,5,5,5,1,5,5,11,3,1
723,336043.2272,4023209.777,5,5,9,2,1,1,4,5,3,1,1,3,1,4,11,3,1
841,248394.3551,4044775.408,2,3,1,3,1,1,2,3,1,3,1,4,1,2,11,3,1
1010,247153.0092,4046601.026,2,2,2,3,1,1,3,3,5,3,2,4,1,1,11,3,1
879,257912.9372,4024545.255,2,3,7,2,1,3,4,1,3,5,2,4,5,6,11,3,1
767,253638.0854,4122304.297,2,4,4,1,1,1,2,2,1,1,3,4,5,5,11,3,1
989,327043.8034,4032170.873,5,5,6,3,1,1,2,2,3,2,5,4,1,4,11,3,1
874,205952.945,4039021.079,2,3,4,3,1,3,2,1,1,3,5,4,2,4,11,3,1
621,245454.522,4060688.209,5,3,2,3,3,2,2,2,1,5,5,4,5,4,11,3,1
660,261094.0025,4116381.682,2,4,1,3,1,5,2,1,4,5,5,4,5,5,11,3,1
781,251064.6893,4057870.362,5,3,5,3,3,1,1,1,1,2,1,5,5,4,11,3,1
610,248017.1572,4056540.203,5,3,9,3,5,2,2,1,1,5,1,5,5,4,11,3,1
900,258220.8783,4021266.983,2,5,8,3,1,3,5,1,5,5,1,5,5,1,11,3,1
649,353995.3538,4006645.089,5,3,5,2,1,5,5,2,5,1,2,5,1,4,11,3,1
815,257943.9333,4021182.2,2,4,4,2,1,3,1,1,1,5,2,5,5,3,11,3,1
931,246376.5723,4053195.024,2,3,2,3,1,5,2,3,1,5,3,5,4,1,11,3,1
1012,282928.2973,4067490.844,5,5,6,1,1,4,2,2,5,2,4,5,4,5,11,3,1
1005,258044.4419,4023893.748,2,3,8,2,1,3,3,1,1,5,4,5,5,6,11,3,1
855,324003.5029,4016169.95,5,3,2,2,1,4,4,2,4,2,5,5,1,5,11,3,1
987,236156.4832,4054181.563,5,5,9,3,1,3,2,3,5,3,5,5,4,6,11,3,1
909,322736.0919,4035957.693,5,5,4,3,1,1,2,2,5,5,5,5,4,4,11,3,1
932,330355.5407,4084793.682,1,3,1,1,1,2,2,5,5,3,5,1,3,4,12,3,1
793,227456.9031,4052879.488,5,5,1,1,1,5,2,2,1,4,1,4,4,6,12,3,1
529,239141.1655,4069671.18,5,3,4,3,1,2,5,5,1,5,4,4,5,4,12,3,1
546,240215.5,4059241.003,4,5,5,2,5,4,2,1,4,5,5,4,5,4,12,3,1
998,218113.4792,4029666.523,2,5,7,3,1,3,2,1,5,5,2,5,2,3,12,3,1
891,213915.1818,4029495.698,5,3,6,3,1,1,2,2,5,2,5,5,2,4,12,3,1
643,303354.8946,4074921.672,5,3,6,3,1,5,2,5,3,2,1,1,3,4,13,3,1
560,316540.6593,4110087.694,5,5,6,3,1,3,2,5,5,1,5,1,5,4,13,3,1
585,263101.2224,4110494.481,5,3,4,3,1,4,1,1,3,5,2,3,5,4,13,3,1
947,271766.3267,4102944.957,2,4,2,3,1,5,2,2,1,5,3,3,5,4,13,3,1
794,228249.9142,4064548.983,4,5,1,1,1,5,2,5,5,3,2,4,4,5,13,3,1
734,226891.3206,4064808.17,4,5,8,2,1,5,2,2,5,3,3,4,4,5,13,3,1
696,225289.4582,4066001.187,4,5,7,2,1,5,2,1,1,3,5,4,4,5,13,3,1
919,227457.1175,4065407.328,4,5,3,2,1,5,2,2,1,3,5,4,4,5,13,3,1
988,232508.3568,4059262.029,4,3,1,3,1,5,2,2,1,3,5,4,4,5,13,3,1
733,229267.7977,4064516.729,4,5,4,1,1,5,2,5,1,3,5,4,4,5,13,3,1
532,235198.4398,4063436.399,5,3,4,3,1,4,2,5,4,3,5,4,5,4,13,3,1
652,227954.3419,4063848.655,4,5,1,2,1,5,2,2,4,4,5,4,4,5,13,3,1
760,226992.1508,4063292.969,4,5,9,3,1,5,2,2,5,4,5,4,4,5,13,3,1
973,245209.0184,4059955.038,5,3,4,3,1,2,2,1,4,5,5,4,5,4,13,3,1
983,237573.8779,4067960.518,4,5,7,2,1,2,2,5,5,5,5,4,5,4,13,3,1
1009,263077.0209,4113148.181,5,3,9,2,1,4,5,1,4,5,5,5,5,4,13,3,1
884,227173.8645,4054153.599,5,3,9,1,1,5,2,1,5,4,1,4,4,6,14,3,1
1007,219366.361,4061934.815,2,3,9,2,1,4,2,4,5,4,4,4,1,3,14,3,1
971,218790.3888,4067107.302,5,5,9,2,1,3,2,3,5,3,5,4,4,1,14,3,1
697,222424.9343,4061187.087,5,5,9,3,1,5,2,1,1,4,5,4,1,1,14,3,1
865,222549.2239,4061954.581,5,3,6,1,1,5,4,1,1,4,5,4,1,5,14,3,1
654,214873.9426,4062916.385,3,2,6,3,1,2,1,4,1,4,5,4,1,2,14,3,1
762,212760.6893,4045797.18,2,5,4,2,1,5,2,3,4,4,5,4,2,6,14,3,1
679,222024.2935,4064162.542,5,3,5,2,1,3,2,1,5,4,5,4,4,5,14,3,1
595,229422.9845,4055254.915,5,3,5,1,1,1,2,2,5,4,5,4,4,5,14,3,1
888,211558.4617,4050806.11,2,4,7,2,1,5,2,3,5,4,5,4,2,6,14,3,1
910,272062.9874,4002634.695,4,5,6,2,1,1,2,1,3,2,5,5,5,6,14,3,1
831,221379.0974,4038848.854,2,5,4,3,1,4,2,1,4,4,5,5,1,3,14,3,1
903,224736.6485,4037044.141,2,5,4,1,1,1,2,1,5,4,5,5,1,3,14,3,1
928,222215.0858,4036939.683,2,4,9,3,1,4,2,1,5,4,5,5,1,6,14,3,1
514,321921.9385,4091225.323,3,5,4,3,1,1,2,5,1,3,1,1,2,6,15,3,1
756,301436.3587,4074534.39,5,4,6,2,1,4,2,5,3,2,1,1,2,4,15,3,1
536,318640.2574,4095149.094,3,5,4,3,1,4,2,5,1,3,1,1,1,4,15,3,1
718,308292.333,4104627.925,1,4,8,3,1,3,2,5,5,3,1,1,5,4,15,3,1
810,319249.4686,4095876.126,2,5,9,3,5,4,2,5,5,3,2,1,1,5,15,3,1
612,331533.4183,4081748.842,1,5,5,3,1,2,2,5,1,3,3,1,3,4,15,3,1
955,308259.1599,4080175.482,3,5,2,2,1,1,2,5,4,5,3,1,3,6,15,3,1
648,310456.8176,4110777.333,3,4,6,2,1,1,2,5,3,2,4,1,5,4,15,3,1
582,310596.3043,4109293.955,3,4,8,3,1,1,2,5,4,2,4,1,5,4,15,3,1
977,313312.8483,4110405.209,2,4,5,2,1,3,2,5,4,2,4,1,5,4,15,3,1
789,312372.2036,4109192.646,3,5,2,1,1,1,2,5,5,2,4,1,5,4,15,3,1
1016,312741.7576,4110263.678,2,4,9,3,1,3,2,5,5,2,4,1,5,4,15,3,1
962,317854.5851,4094271.703,3,3,6,3,1,2,2,5,1,3,4,1,1,4,15,3,1
527,326704.0499,4087888.862,2,4,6,2,1,2,2,5,5,3,4,1,3,6,15,3,1
757,318100.3855,4091892.277,1,4,8,3,1,2,2,2,1,4,4,1,1,6,15,3,1
812,318892.8936,4093077.816,3,4,8,2,1,2,2,5,1,4,4,1,1,4,15,3,1
511,310383.611,4108620.332,3,5,1,1,1,1,2,5,1,5,4,1,5,4,15,3,1
547,331060.8654,4092857.481,2,5,6,3,1,4,2,5,1,2,5,1,5,4,15,3,1
991,311597.6302,4110998.428,5,4,6,2,1,3,2,5,4,2,5,1,5,4,15,3,1
703,317207.7068,4107822.205,4,3,1,3,1,1,2,5,5,2,5,1,5,4,15,3,1
978,317187.0015,4108007.697,4,5,1,3,1,1,2,5,5,2,5,1,5,4,15,3,1
936,311395.9863,4110817.875,2,4,6,3,1,3,2,5,5,2,5,1,5,4,15,3,1
843,334955.2045,4083192.458,3,5,8,2,1,5,2,5,5,2,5,1,3,4,15,3,1
570,314945.476,4094735.678,1,5,5,3,1,4,2,2,1,3,5,1,1,6,15,3,1
638,323739.8421,4091773.211,3,4,8,3,1,1,2,5,1,3,5,1,2,4,15,3,1
586,324976.5538,4091747.597,3,5,8,3,1,2,2,5,1,3,5,1,2,4,15,3,1
725,329978.0129,4085726.132,3,4,4,3,1,2,2,5,1,3,5,1,3,6,15,3,1
671,323776.2475,4089953.292,3,4,6,2,1,1,2,5,3,3,5,1,2,6,15,3,1
700,325935.1992,4086609.592,3,1,1,2,1,2,2,5,3,3,5,1,3,3,15,3,1
975,324573.1094,4091385.86,3,3,8,2,1,2,2,5,3,3,5,1,2,4,15,3,1
745,326647.9287,4086348.386,3,4,1,2,1,2,2,5,3,3,5,1,3,6,15,3,1
688,330230.6903,4083501.225,3,5,8,2,1,2,2,5,4,3,5,1,3,4,15,3,1
913,325406.0056,4086158.034,1,4,6,2,3,1,2,5,5,3,5,1,3,6,15,3,1
976,325867.3029,4086919.329,3,4,6,1,1,2,2,5,5,3,5,1,3,3,15,3,1
687,324317.0347,4092162.052,3,4,7,1,1,2,2,5,5,3,5,1,2,4,15,3,1
691,303102.011,4107769.565,3,3,7,3,1,3,2,5,5,3,5,1,5,4,15,3,1
961,317989.9076,4095964.708,2,4,6,3,1,4,2,5,5,3,5,1,1,4,15,3,1
813,321376.3192,4094690.138,3,5,4,2,3,4,2,5,5,3,5,1,1,4,15,3,1
611,327521.0729,4084234.036,3,4,1,2,4,1,2,5,1,4,5,1,3,6,15,3,1
811,318275.2386,4093121.887,3,5,5,3,1,2,2,5,1,4,5,1,1,4,15,3,1
630,328944.0748,4087257.621,2,4,1,3,1,2,2,5,1,5,5,1,3,6,15,3,1
579,333669.026,4082015.048,3,3,8,1,1,4,2,5,1,5,5,1,3,4,15,3,1
537,325626.5325,4094478.291,3,5,6,2,1,4,2,5,1,5,5,1,2,4,15,3,1
581,322177.7493,4096338.292,3,4,4,3,1,5,2,5,1,5,5,1,1,4,15,3,1
1015,277170.2572,4116557.637,1,4,3,1,1,1,4,5,1,5,5,1,5,5,15,3,1
672,324844.1173,4093723.544,3,4,8,2,1,4,2,5,3,5,5,1,2,4,15,3,1
617,308812.7447,4109056.663,2,5,2,2,1,1,2,5,4,5,5,1,5,5,15,3,1
573,324772.5104,4093848.349,3,4,8,3,1,4,2,5,4,5,5,1,2,4,15,3,1
522,325381.1444,4093373.366,3,4,6,1,1,4,2,5,5,5,5,1,2,4,15,3,1
569,331702.252,4086524.25,3,4,8,3,1,4,2,5,5,5,5,1,3,6,15,3,1
790,342041.7244,4018443.827,5,5,6,3,3,3,2,5,5,2,3,3,1,4,15,3,1
942,340827.2517,4020253.879,5,4,6,3,1,3,2,5,4,2,5,3,1,4,15,3,1
890,227482.4487,4045041.174,5,4,7,3,1,4,2,1,1,3,5,3,4,6,15,3,1
629,327188.3943,4034418.446,5,5,5,2,1,1,2,2,3,2,1,4,4,4,15,3,1
622,328709.2991,4035744.736,4,4,6,1,1,1,2,2,1,1,1,4,4,4,15,3,1
938,328904.7916,4035555.844,4,4,6,2,1,1,2,2,4,1,2,4,4,4,15,3,1
823,210868.4083,4051755.097,3,5,7,2,1,4,2,3,5,4,2,4,2,6,15,3,1
768,327640.9757,4032128.102,5,5,9,3,1,1,2,2,1,2,3,4,1,4,15,3,1
875,327740.7587,4029628.961,5,5,8,3,1,1,2,5,5,2,3,4,1,4,15,3,1
607,327549.9169,4035058.716,4,4,9,2,1,1,2,2,4,2,4,4,4,4,15,3,1
699,213422.5585,4047719.358,3,5,7,3,1,3,2,3,1,4,4,4,2,6,15,3,1
925,217999.6206,4066485.199,2,5,8,3,1,5,2,3,5,4,4,4,4,2,15,3,1
736,216108.7413,4067165,2,5,8,2,1,5,2,4,5,4,4,4,4,1,15,3,1
594,330327.8511,4031920.824,4,3,6,1,1,1,2,5,1,1,5,4,1,4,15,3,1
905,329763.4808,4032363.524,4,5,9,1,1,1,2,5,1,1,5,4,1,4,15,3,1
943,330863.9794,4030029.829,5,4,6,1,1,1,2,5,1,1,5,4,1,4,15,3,1
939,331299.4837,4030637.835,4,4,8,2,1,1,2,5,4,1,5,4,1,4,15,3,1
995,328800.325,4035311.304,4,4,1,1,1,1,2,2,5,1,5,4,4,4,15,3,1
664,330487.6721,4031177.765,4,4,8,1,1,1,2,5,5,1,5,4,1,4,15,3,1
996,331587.008,4032605.275,4,5,8,1,1,1,2,5,5,1,5,4,1,4,15,3,1
816,330914.5759,4032618.402,4,5,9,1,1,1,2,5,5,1,5,4,1,4,15,3,1
769,329354.6931,4031847.519,4,4,1,2,1,1,2,5,3,2,5,4,1,4,15,3,1
628,330208.0555,4027083.099,5,4,8,3,1,1,2,5,3,2,5,4,1,4,15,3,1
704,327820.4136,4036132.317,4,4,8,3,1,1,2,2,4,2,5,4,4,4,15,3,1
599,327145.1696,4035991.646,4,4,9,3,1,1,2,2,4,2,5,4,4,4,15,3,1
645,256581.7364,4122557.895,3,5,7,1,1,3,2,2,5,2,5,4,5,4,15,3,1
705,248517.7377,4065965.724,2,5,7,3,1,4,1,1,1,3,5,4,5,4,15,3,1
930,220520.5895,4029249.138,3,2,7,2,1,3,2,1,5,3,5,4,1,3,15,3,1
941,242897.1723,4068230.753,5,3,2,1,1,4,2,2,5,3,5,4,5,4,15,3,1
869,243128.8228,4068501.458,2,3,3,2,1,4,2,2,5,3,5,4,5,4,15,3,1
669,222333.3724,4059894.07,2,5,5,1,1,5,2,1,1,4,5,4,1,1,15,3,1
970,221769.3485,4061671.259,5,5,9,2,1,5,2,1,1,4,5,4,1,1,15,3,1
710,226796.8315,4052468.442,5,4,6,2,1,5,2,1,1,4,5,4,4,6,15,3,1
997,208787.7344,4037320.125,2,5,9,3,1,5,3,1,1,4,5,4,2,4,15,3,1
709,221557.3148,4059734.053,2,5,8,2,1,4,4,1,1,4,5,4,1,3,15,3,1
822,222798.1577,4056577.125,2,3,7,3,1,4,5,1,1,4,5,4,1,2,15,3,1
885,222754.2733,4053677.906,2,5,8,1,1,5,5,1,1,4,5,4,1,2,15,3,1
945,212676.3591,4068544.969,2,4,1,2,2,2,2,3,1,4,5,4,5,4,15,3,1
982,220763.6193,4060562.164,2,3,6,1,1,4,2,3,1,4,5,4,1,3,15,3,1
992,221125.5294,4057927.411,2,3,8,3,1,4,2,3,1,4,5,4,1,2,15,3,1
990,214373.6095,4035066.034,2,5,2,3,1,5,3,3,1,4,5,4,2,4,15,3,1
830,213457.1086,4066636.128,2,4,6,2,1,2,2,4,1,4,5,4,4,6,15,3,1
786,213610.201,4066754.444,2,4,5,3,1,2,2,4,3,4,5,4,4,6,15,3,1
1013,225659.0781,4052689.867,2,4,7,3,1,5,2,1,5,4,5,4,4,2,15,3,1
889,224657.7275,4052505.824,2,3,9,1,1,5,3,1,5,4,5,4,4,2,15,3,1
1014,211448.9982,4068987.499,2,4,7,3,5,2,2,3,5,4,5,4,5,4,15,3,1
1008,218276.6314,4063575.241,2,3,8,2,1,5,2,4,5,4,5,4,1,2,15,3,1
859,234403.326,4069045.788,4,4,8,3,1,2,2,2,1,5,5,4,4,4,15,3,1
1000,233425.2699,4069539.107,4,3,6,1,1,4,2,2,1,5,5,4,4,4,15,3,1
661,233289.9309,4069975.318,5,3,8,1,1,4,2,2,1,5,5,4,4,4,15,3,1
605,194243.574,4040014.337,5,3,4,3,1,1,2,4,1,5,5,4,2,1,15,3,1
686,240148.0738,4067665.978,5,5,5,3,1,2,2,5,1,5,5,4,5,4,15,3,1
512,240540.4028,4067499.792,5,5,9,2,1,2,2,5,3,5,5,4,5,4,15,3,1
614,239975.7274,4066899.824,5,5,6,2,1,4,2,5,3,5,5,4,5,4,15,3,1
787,239663.8695,4066446.587,5,4,2,2,1,2,2,2,4,5,5,4,5,4,15,3,1
872,235808.0468,4070298.193,4,5,4,2,1,4,2,2,4,5,5,4,4,4,15,3,1
800,236141.014,4070627.236,5,5,9,3,1,4,2,2,4,5,5,4,4,4,15,3,1
752,241056.84,4067329.867,5,5,9,3,1,4,2,2,4,5,5,4,5,4,15,3,1
566,194095.3055,4040050.369,5,3,5,2,1,1,4,4,4,5,5,4,2,1,15,3,1
867,238506.1035,4068394.8,5,4,2,2,1,2,4,5,4,5,5,4,5,4,15,3,1
601,239505.2937,4068580.222,5,5,2,2,1,2,4,5,4,5,5,4,5,4,15,3,1
873,234546.4903,4068856.176,4,5,5,3,1,2,2,2,5,5,5,4,4,4,15,3,1
826,226276.3538,4050973.046,2,4,5,2,1,5,2,1,3,4,1,5,4,2,15,3,1
833,217536.0804,4029561.924,2,5,3,2,1,3,2,2,5,5,1,5,2,4,15,3,1
802,218171.8433,4032225.902,3,5,2,3,1,3,2,3,1,4,2,5,1,4,15,3,1
795,230410.2924,4035106.436,5,3,7,2,5,1,2,1,1,3,3,5,1,6,15,3,1
563,214049.655,4033564.64,2,3,5,2,1,3,3,3,5,3,4,5,2,4,15,3,1
964,273643.4272,4084325.787,5,5,9,1,1,4,2,2,5,5,4,5,5,4,15,3,1
856,332213.9973,4025101.862,5,5,1,1,1,1,2,5,1,1,5,5,1,5,15,3,1
1018,335644.4334,4024542.846,4,5,5,2,1,1,2,5,3,1,5,5,1,4,15,3,1
1017,332129.7,4024610.182,5,4,1,3,1,1,2,5,5,1,5,5,1,5,15,3,1
952,326481.6595,4036436.575,4,5,6,2,1,1,2,2,4,2,5,5,4,4,15,3,1
720,326791.6785,4035752.114,4,4,1,3,1,1,2,2,5,2,5,5,4,4,15,3,1
981,279694.8956,4068221.305,5,5,6,3,1,2,2,2,5,2,5,5,4,4,15,3,1
868,230736.8855,4034386.592,5,2,9,1,5,2,2,1,1,3,5,5,1,6,15,3,1
680,217254.2952,4030867.199,2,5,9,3,1,3,2,1,1,3,5,5,2,4,15,3,1
986,230347.0385,4035478.74,5,4,5,1,1,1,2,1,5,3,5,5,1,6,15,3,1
796,230612.497,4035994.955,5,3,5,2,1,1,2,1,5,3,5,5,1,6,15,3,1
832,215605.9427,4032340.739,2,4,3,2,1,3,2,1,5,3,5,5,2,4,15,3,1
567,215067.8189,4032666.952,2,5,5,2,1,1,2,3,5,3,5,5,2,4,15,3,1
602,223604.0158,4036709.949,2,5,5,2,1,2,2,1,1,4,5,5,1,3,15,3,1
887,226479.5561,4050318.629,5,4,7,3,1,5,2,1,1,4,5,5,4,2,15,3,1
902,230314.5004,4054332.122,5,5,8,3,1,1,2,2,1,4,5,5,4,2,15,3,1
540,228436.2867,4050009.692,5,5,7,2,1,5,4,2,4,4,5,5,4,6,15,3,1
712,224189.3801,4037863.845,5,3,1,2,1,1,2,1,5,4,5,5,1,3,15,3,1
659,254166.3142,4018265.414,5,3,9,1,1,3,2,1,1,5,5,5,5,5,15,3,1
966,261582.3132,4021852.594,2,3,2,1,1,4,4,1,5,5,5,5,5,6,15,3,1
542,333475.6939,4086057.665,2,3,6,1,1,5,2,5,1,2,1,1,3,5,16,3,1
861,328657.8862,4093923.084,5,5,7,3,1,4,3,5,5,2,1,1,2,5,16,3,1
914,319415.6553,4104814.487,5,4,4,2,1,1,2,5,4,2,3,1,5,5,16,3,1
755,301248.8565,4075001.345,5,4,9,3,1,4,2,5,5,2,3,1,2,4,16,3,1
716,333811.2998,4091816.513,4,4,9,3,1,5,1,5,4,1,4,1,5,6,16,3,1
598,322008.8497,4103587.807,4,4,9,2,1,1,2,5,1,2,4,1,5,4,16,3,1
774,315747.1864,4072332.469,3,4,8,3,1,1,2,5,5,5,4,1,3,6,16,3,1
772,317721.39,4108736.109,4,5,7,3,1,1,2,5,1,1,5,1,5,4,16,3,1
533,321162.2901,4107953.248,4,4,2,3,1,1,2,5,5,1,5,1,5,6,16,3,1
675,313913.0385,4108510.875,2,4,6,1,1,1,2,5,1,2,5,1,5,4,16,3,1
751,318013.4495,4103950.443,4,1,4,2,1,1,4,5,5,2,5,1,5,5,16,3,1
835,260326.265,4120630.028,3,4,9,3,1,3,2,2,1,5,5,1,5,5,16,3,1
641,312945.9494,4103876.068,5,3,9,2,1,3,2,5,4,5,5,1,5,5,16,3,1
908,235419.75,4067378.997,4,5,6,3,1,4,2,5,4,5,5,1,4,4,16,3,1
985,342112.6963,4018226.692,5,5,1,2,4,3,2,5,3,2,3,3,1,4,16,3,1
828,227079.969,4045701.969,5,5,1,3,5,4,2,1,1,3,5,3,4,3,16,3,1
596,227220.503,4045419.817,2,5,9,1,4,4,2,1,5,3,5,3,4,3,16,3,1
625,227119.0296,4045361.268,2,5,9,3,5,4,2,2,5,3,5,3,4,3,16,3,1
783,233363.0715,4049948.195,5,3,6,3,1,1,1,3,5,3,5,3,1,2,16,3,1
923,226719.0814,4046885.888,5,5,1,3,3,4,2,1,5,4,5,3,4,3,16,3,1
518,269347.6886,4104923.085,5,5,3,2,1,4,2,2,4,5,5,3,5,4,16,3,1
753,211406.8207,4035102.917,2,2,9,2,1,5,2,3,1,3,1,4,2,5,16,3,1
819,228694.2745,4067589.704,4,5,9,2,1,4,2,5,1,3,1,4,4,4,16,3,1
708,227173.0399,4058041.557,5,3,9,1,1,1,5,2,5,4,1,4,4,5,16,3,1
967,296709.4697,4063482.48,4,5,1,3,1,4,2,5,1,5,1,4,1,5,16,3,1
788,239631.8922,4063763.293,5,5,5,3,1,4,2,5,4,5,1,4,5,4,16,3,1
927,211066.2508,4035361.154,2,3,4,3,1,5,2,3,5,3,2,4,2,5,16,3,1
864,209296.5359,4032427.001,5,5,2,2,1,1,2,2,1,5,2,4,2,4,16,3,1
632,193466.3702,4040597.508,5,5,5,3,1,1,3,4,3,5,2,4,2,6,16,3,1
651,237828.4518,4065731.232,5,5,1,3,1,2,2,5,1,5,3,4,5,4,16,3,1
901,238748.8612,4063327.352,5,5,7,3,1,4,2,5,1,5,3,4,5,5,16,3,1
917,271080.8662,4086707.752,5,5,7,3,1,2,2,2,4,5,3,4,5,4,16,3,1
763,209722.3843,4031733.662,5,3,4,1,1,1,2,2,1,2,4,4,2,4,16,3,1
754,234815.4285,4064713.309,5,5,1,3,1,4,2,5,5,3,4,4,5,4,16,3,1
684,239363.5394,4063925.74,5,5,1,3,1,4,2,5,5,5,4,4,5,5,16,3,1
862,331348.7856,4025488.553,5,5,9,3,1,1,2,5,3,1,5,4,1,5,16,3,1
724,257294.3175,4120747.914,2,4,9,2,1,3,2,2,4,2,5,4,5,5,16,3,1
678,227668.5244,4065801.728,4,5,8,2,1,5,2,2,1,3,5,4,4,5,16,3,1
666,224556.7901,4054792.549,5,4,7,3,1,5,2,1,1,4,5,4,1,2,16,3,1
619,226781.989,4054351.229,5,4,6,3,1,5,2,1,1,4,5,4,4,3,16,3,1
694,230735.5662,4058237.588,5,5,6,3,1,3,2,2,1,4,5,4,4,5,16,3,1
776,226357.4929,4054302.978,5,4,4,2,1,5,2,1,4,4,5,4,4,3,16,3,1
1006,225577.8318,4054821.523,5,5,7,1,1,5,2,1,5,4,5,4,4,3,16,3,1
777,226080.7294,4061995.253,5,4,9,1,1,3,2,2,5,4,5,4,4,5,16,3,1
818,230743.9852,4057712.694,5,5,1,2,1,3,2,2,5,4,5,4,4,5,16,3,1
535,226552.5978,4061980.186,4,5,6,3,1,5,2,2,5,4,5,4,4,5,16,3,1
969,227352.5189,4058992.394,5,5,7,1,1,1,5,5,5,4,5,4,4,5,16,3,1
912,222597.7342,4026312.626,3,2,2,3,1,5,2,1,1,5,5,4,2,6,16,3,1
880,298638.1644,4063128.502,4,5,9,1,1,4,2,5,1,5,5,4,1,5,16,3,1
534,236057.4753,4066310.174,4,4,6,3,1,4,4,5,3,5,5,4,5,4,16,3,1
692,234972.1078,4068966.374,4,5,1,3,1,2,2,2,4,5,5,4,4,4,16,3,1
782,243196.381,4060817.212,5,5,6,2,1,4,2,2,4,5,5,4,5,4,16,3,1
571,233186.0827,4070626.486,4,4,1,3,4,4,2,2,4,5,5,4,1,4,16,3,1
904,238521.8449,4064846.092,5,5,4,2,1,4,2,5,4,5,5,4,5,4,16,3,1
852,237800.0449,4068046.111,4,5,3,3,1,4,2,5,4,5,5,4,5,4,16,3,1
562,239817.4154,4064960.889,5,4,8,3,1,2,2,2,5,5,5,4,5,4,16,3,1
550,235228.8504,4068433.912,4,3,5,3,1,2,2,2,5,5,5,4,4,4,16,3,1
780,239606.1321,4062098.012,5,5,4,2,1,4,2,2,5,5,5,4,5,5,16,3,1
576,238855.381,4068445.77,5,5,8,3,1,2,5,5,5,5,5,4,5,4,16,3,1
1002,353285.065,4007489.227,2,5,8,2,1,5,1,2,5,1,1,5,1,4,16,3,1
644,227516.7349,4050841.113,2,4,1,2,1,5,2,1,5,4,1,5,4,3,16,3,1
918,334203.7608,4026142.52,4,4,1,2,1,1,2,5,1,1,3,5,1,5,16,3,1
758,275979.9201,4082721.714,4,5,7,1,1,3,2,1,1,5,3,5,5,5,16,3,1
870,250252.185,4055580.298,5,5,7,2,3,2,1,3,1,5,4,5,5,4,16,3,1
854,338647.2648,4025103.032,4,5,9,3,1,1,2,5,4,1,5,5,1,4,16,3,1
972,213063.419,4029400.337,5,5,4,2,1,1,2,2,1,2,5,5,2,4,16,3,1
742,233099.1303,4051869.334,5,5,6,1,1,1,4,1,1,3,5,5,4,2,16,3,1
827,228028.6864,4049714.092,5,3,7,1,1,5,2,2,4,4,5,5,4,6,16,3,1
829,227463.9945,4049176.552,5,4,7,1,1,5,4,1,5,4,5,5,4,3,16,3,1
683,241431.4817,4058340.477,5,5,3,2,1,4,2,1,1,5,5,5,5,4,16,3,1
637,243791.4918,4059102.651,4,5,5,1,1,4,2,1,5,5,5,5,5,4,16,3,1
984,322845.2339,4036417.939,5,3,4,3,1,1,2,2,5,5,5,5,5,4,16,3,1
807,302857.8103,4074871.532,5,4,6,2,4,4,2,5,4,2,3,1,3,4,13,4,1
871,315655.7482,4104618.207,4,4,6,2,1,1,3,5,1,2,4,1,5,4,13,4,1
558,313931.5587,4112704.201,5,2,9,1,1,3,4,5,1,1,5,1,5,4,13,4,1
994,314426.433,4112755.011,5,4,3,2,1,3,2,5,5,1,5,1,5,4,13,4,1
520,320240.0749,4106400.354,5,4,5,3,1,1,2,5,3,2,5,1,5,4,13,4,1
851,315336.9309,4105858.574,5,5,7,3,1,1,2,5,3,2,5,1,5,4,13,4,1
626,234134.5939,4063592.777,5,5,7,2,1,4,2,5,5,3,2,4,5,4,13,4,1
707,228249.0566,4062173.036,4,5,6,1,1,5,2,5,1,4,5,4,4,5,13,4,1
821,227156.878,4063781.489,4,5,6,2,1,5,2,2,5,4,5,4,4,5,13,4,1
764,275715.9789,4104566.597,2,5,9,1,1,5,2,5,1,5,5,4,5,4,13,4,1
543,272757.9389,4103041.608,5,5,6,1,1,5,2,2,1,5,1,5,5,4,13,4,1
934,303031.4843,4112150.234,3,4,4,1,1,3,2,5,5,2,2,1,5,4,15,4,1
523,310570.5031,4107043.543,3,4,8,3,1,3,2,5,1,5,2,1,5,4,15,4,1
717,305162.9609,4112501.562,3,5,7,3,1,3,2,5,4,2,4,1,5,4,15,4,1
933,329926.1136,4084370.608,1,5,6,1,1,2,2,5,1,3,4,1,3,4,15,4,1
702,311109.9792,4113476.254,2,5,7,1,1,3,2,5,5,1,5,1,5,4,15,4,1
559,314338.8869,4108779.02,2,4,7,3,1,1,2,5,5,2,5,1,5,4,15,4,1
739,274022.4969,4109639.495,3,5,8,1,2,4,2,1,1,3,5,1,5,4,15,4,1
572,327061.4496,4087203.282,2,4,7,3,1,2,2,5,3,3,5,1,3,6,15,4,1
591,309837.2249,4104099.662,3,4,6,3,1,3,2,5,3,3,5,1,5,6,15,4,1
557,303412.8711,4110506.908,3,4,6,1,1,3,2,5,1,5,5,1,5,6,15,4,1
876,312124.2016,4113576.903,5,4,3,2,1,3,2,5,4,1,1,1,5,4,16,4,1
937,319491.781,4107217.998,5,5,7,2,1,1,2,5,5,1,1,1,5,4,16,4,1
597,313169.8901,4107293.872,5,4,3,3,1,1,2,5,1,2,1,1,5,4,16,4,1
658,309121.7,4075530.748,3,4,7,3,1,3,2,5,5,5,1,1,3,5,16,4,1
722,320074.3581,4103258.694,2,4,8,3,1,1,2,5,4,2,3,1,5,5,16,4,1
749,312209.0595,4108517.893,2,4,7,3,1,1,2,5,4,2,3,1,5,6,16,4,1
960,310879.0873,4072038.098,3,4,4,3,1,3,2,5,1,2,4,1,3,5,16,4,1
959,308107.1313,4072315.752,5,5,8,1,1,3,2,5,3,2,4,1,3,5,16,4,1
575,320797.1723,4103551.704,5,5,6,2,1,1,2,5,3,2,5,1,5,4,16,4,1
552,320398.0817,4103375.14,2,5,7,3,1,1,2,5,5,2,5,1,5,4,16,4,1
808,304309.013,4071106.938,2,4,7,3,1,4,2,5,5,2,5,1,2,4,16,4,1
623,305858.9596,4074895.167,2,4,3,1,1,5,2,5,5,2,5,1,3,5,16,4,1
878,308811.9696,4076092.723,3,4,8,2,1,3,2,5,3,5,5,1,3,5,16,4,1
863,258111.3487,4119983.909,2,4,8,3,1,3,2,2,4,2,2,4,5,5,16,4,1
544,272139.8882,4104878.174,2,5,6,3,1,4,2,2,3,5,2,4,5,4,16,4,1
580,272349.7532,4104409.789,2,4,8,2,1,4,2,2,5,5,4,4,5,4,16,4,1
779,266346.5724,4113488.751,2,3,6,3,4,4,2,2,5,3,5,4,5,4,16,4,1
541,303923.7589,4080243.358,2,4,2,2,1,5,2,5,4,5,4,1,3,5,11,5,1
525,302946.5191,4080851.854,2,4,3,3,1,5,2,5,4,5,5,1,3,5,11,5,1
616,292286.3823,4063372.712,5,3,4,3,1,5,5,5,5,5,2,4,1,5,11,5,1
636,232700.2458,4070178.797,5,5,7,1,1,4,2,2,4,5,5,4,4,4,11,5,1
657,247898.1367,4059258.59,5,3,3,3,1,2,2,1,1,5,5,5,5,4,11,5,1
893,247162.327,4058755.712,5,3,2,2,4,2,3,1,5,5,5,5,5,4,11,5,1
801,217620.5591,4058751.843,3,2,9,3,5,4,3,4,5,4,1,4,1,1,12,5,1
920,227922.9087,4065207.329,4,5,8,1,1,5,2,2,1,3,3,4,4,5,12,5,1
820,228652.8308,4063147.658,4,5,1,1,1,5,2,5,1,4,5,4,4,5,12,5,1
524,235873.9063,4070820.656,5,5,8,3,1,4,2,2,5,5,5,4,4,4,12,5,1
721,247517.3601,4058992.144,5,3,6,2,5,2,2,1,5,5,5,5,5,4,12,5,1
847,312431.9695,4112984.124,5,5,8,3,1,3,2,5,4,1,2,1,5,4,13,5,1
593,302289.4243,4079232.634,5,5,4,2,1,5,2,5,1,2,4,1,3,5,13,5,1
894,334366.6409,4087304.311,4,5,6,2,1,5,2,5,3,2,4,1,3,6,13,5,1
578,335053.1239,4089510.752,5,5,8,2,1,5,2,5,3,1,5,1,5,4,13,5,1
561,318204.2089,4104778.874,5,5,8,1,1,1,2,5,1,2,5,1,5,4,13,5,1
814,273968.1898,4092799.453,4,5,8,2,4,1,2,5,3,5,4,2,5,5,13,5,1
839,266644.94,4105521.713,5,5,8,2,1,4,2,1,4,5,5,2,5,4,13,5,1
840,267595.5292,4105032.862,5,5,6,1,5,4,2,2,1,5,3,3,5,4,13,5,1
993,229326.3349,4046649.246,5,5,8,1,1,5,2,1,1,3,5,3,4,3,13,5,1
653,229860.2121,4063603.135,4,5,2,2,1,5,2,5,4,3,1,4,4,5,13,5,1
858,232226.4726,4066151.527,4,5,1,2,1,4,2,5,3,3,1,4,4,4,13,5,1
921,226767.435,4064040.746,4,5,1,2,1,5,2,2,5,4,1,4,4,5,13,5,1
732,227699.8174,4064443.054,4,5,5,3,1,5,2,2,1,4,2,4,4,5,13,5,1
667,230064.742,4063781.859,4,5,2,3,1,5,2,5,1,3,3,4,4,5,13,5,1
603,232099.4618,4066062.975,4,5,3,1,1,4,2,5,5,3,3,4,4,4,13,5,1
881,225972.8325,4064837.524,4,5,6,3,1,5,2,2,5,4,4,4,4,5,13,5,1
627,256886.0822,4119433.061,2,4,4,2,1,3,5,2,1,2,5,4,5,5,13,5,1
853,239604.2356,4060401.127,4,4,3,3,1,4,2,2,1,3,5,4,5,4,13,5,1
677,233342.325,4065283.583,4,3,1,3,1,4,2,5,1,3,5,4,4,4,13,5,1
906,233778.6043,4064930.655,4,5,1,3,1,4,2,5,4,3,5,4,4,6,13,5,1
730,230953.0998,4057243.37,5,5,6,3,1,3,2,2,1,4,5,4,4,5,13,5,1
564,227061.6962,4063136.45,4,3,6,1,1,5,2,2,1,4,5,4,4,5,13,5,1
554,227770.072,4062743.66,4,5,7,3,1,5,2,5,1,4,5,4,4,5,13,5,1
668,228605.1699,4063210.815,4,5,1,2,1,5,2,5,4,4,5,4,4,5,13,5,1
695,226689.2974,4063148.328,4,5,9,3,1,5,2,2,5,4,5,4,4,5,13,5,1
741,241478.1862,4060714.593,5,3,2,3,1,4,1,1,1,5,5,4,5,4,13,5,1
946,276350.711,4114512.743,1,5,7,2,1,5,2,5,5,3,5,1,5,5,14,5,1
587,304869.0295,4112600.842,3,5,6,3,1,3,2,5,1,2,1,1,5,4,15,5,1
519,312751.3392,4110695.19,2,5,4,2,1,3,2,5,4,2,1,1,5,4,15,5,1
531,310639.9249,4111235.69,3,4,1,1,1,1,2,5,5,2,2,1,5,4,15,5,1
896,303501.0852,4112170.13,3,4,1,3,1,3,2,5,5,2,3,1,5,4,15,5,1
766,309036.5039,4105844.527,1,4,7,2,1,3,2,5,1,3,3,1,5,5,15,5,1
746,331534.2759,4085540.97,3,4,7,1,1,4,2,5,1,5,3,1,3,5,15,5,1
979,314857.4598,4102014.657,5,4,6,3,1,3,2,5,4,5,3,1,5,5,15,5,1
771,326572.471,4094767.232,3,5,7,2,5,4,2,5,5,5,3,1,2,5,15,5,1
848,312756.8145,4110941.73,5,5,5,3,1,3,2,5,3,2,4,1,5,4,15,5,1
747,305799.54,4112271.049,2,5,2,1,1,3,2,5,5,2,4,1,5,4,15,5,1
744,325129.877,4087181.106,1,5,6,1,1,2,2,2,1,3,4,1,3,3,15,5,1
899,308202.412,4102841.429,1,5,7,1,1,5,2,5,5,3,4,1,5,4,15,5,1
618,326860.721,4088286.471,3,4,7,1,1,2,2,5,1,5,4,1,3,6,15,5,1
860,308922.0928,4106248.095,3,4,5,3,1,3,2,5,5,5,4,1,5,5,15,5,1
849,316951.5827,4110818.735,4,5,8,3,1,3,2,5,1,1,5,1,5,4,15,5,1
565,333583.228,4090279.425,5,5,6,3,1,5,2,5,3,1,5,1,5,4,15,5,1
765,332063.824,4092282.588,5,4,8,2,1,5,2,5,4,1,5,1,5,4,15,5,1
689,317776.0682,4110122.506,4,5,6,3,1,1,2,5,5,1,5,1,5,4,15,5,1
604,332718.0493,4090327.296,5,4,6,2,1,5,2,5,3,2,5,1,5,4,15,5,1
714,269536.3041,4119940.538,3,4,8,1,1,3,2,5,1,3,5,1,5,4,15,5,1
639,305343.8087,4107501.63,3,4,8,3,1,3,2,5,1,3,5,1,5,4,15,5,1
663,317226.1775,4096104.48,3,4,8,3,1,4,2,5,1,3,5,1,1,6,15,5,1
647,326277.0966,4087589.233,3,4,8,2,1,2,2,5,4,3,5,1,3,6,15,5,1
681,326450.4902,4086383.269,3,4,6,1,1,2,2,5,5,3,5,1,3,3,15,5,1
528,319834.0742,4094291.099,3,4,8,2,1,2,2,5,5,3,5,1,1,4,15,5,1
785,315194.1129,4102716.514,5,4,1,1,1,3,2,5,1,5,5,1,5,4,15,5,1
799,336778.4102,4021192.118,5,4,6,1,1,3,2,5,1,2,5,3,1,5,15,5,1
1019,258554.67,4121667.976,3,4,9,3,1,3,2,2,1,2,2,4,5,5,15,5,1
999,268488.9911,4109666.199,3,4,4,1,1,4,2,5,1,3,2,4,5,4,15,5,1
805,328299.3734,4035167.093,4,5,7,1,1,1,2,2,1,2,3,4,4,4,15,5,1
940,331960.3304,4027449.694,5,3,7,1,1,1,2,5,1,1,5,4,1,4,15,5,1
584,226350.1623,4061091.737,5,4,8,2,1,3,2,5,5,4,5,4,4,5,15,5,1
577,237935.4746,4068412.276,4,5,4,1,1,2,5,5,4,5,5,4,5,4,15,5,1
682,239486.6334,4069598.995,5,5,2,1,1,2,4,5,5,5,5,4,5,4,15,5,1
631,274616.4615,4084577.546,5,4,3,3,1,4,2,2,5,5,3,5,5,5,15,5,1
974,328263.537,4093992.78,5,5,3,1,1,4,4,5,1,2,1,1,2,5,16,5,1
526,317164.9686,4106990.574,4,4,7,2,1,1,2,5,3,2,1,1,5,4,16,5,1
693,308868.9072,4073100.362,2,3,7,2,1,3,2,5,3,2,1,1,3,5,16,5,1
640,312887.9069,4109057.853,3,4,3,3,1,1,2,5,5,2,1,1,5,4,16,5,1
844,332779.1345,4085886.43,2,5,8,3,1,4,2,5,5,2,1,1,3,4,16,5,1
553,318591.4997,4107853.938,4,5,4,3,1,1,2,5,1,1,2,1,5,4,16,5,1
673,333294.8873,4090716.736,5,4,9,2,1,5,2,5,3,1,2,1,5,4,16,5,1
1020,332026.2559,4091635.799,5,5,8,2,1,5,2,5,4,1,2,1,5,4,16,5,1
950,319169.5004,4107163.179,5,5,2,2,1,1,2,5,1,2,3,1,5,4,16,5,1
916,302988.9935,4076256.16,5,4,7,3,1,5,2,5,5,2,3,1,3,5,16,5,1
915,301612.6549,4076781.423,2,4,3,3,5,5,2,5,5,2,3,1,2,4,16,5,1
568,276849.6671,4108176.183,3,5,2,3,3,4,2,5,4,3,3,1,5,4,16,5,1
590,310672.2238,4103864.99,2,5,1,2,1,3,2,5,5,3,3,1,5,6,16,5,1
895,332120.0359,4092620.559,5,5,5,1,1,5,2,5,1,1,5,1,5,4,16,5,1
574,311009.8334,4113416.896,2,4,3,3,1,3,2,5,3,1,5,1,5,4,16,5,1
676,317431.8619,4110191.672,4,5,5,3,1,3,2,5,5,1,5,1,5,4,16,5,1
521,314210.697,4108566.043,2,4,3,2,1,1,2,5,1,2,5,1,5,4,16,5,1
613,318128.5285,4107000.612,4,5,9,3,1,1,2,5,1,2,5,1,5,4,16,5,1
958,307997.9646,4074075.904,3,4,7,1,1,5,2,5,1,2,5,1,3,5,16,5,1
957,307595.0644,4073807.468,3,4,7,2,1,5,2,5,1,2,5,1,3,5,16,5,1
674,334967.8867,4086398.585,5,5,5,2,3,5,2,5,3,2,5,1,3,4,16,5,1
551,315876.0855,4109053.704,5,4,7,2,1,1,2,5,4,2,5,1,5,4,16,5,1
949,315287.159,4106969.748,5,4,4,3,1,1,2,5,5,2,5,1,5,4,16,5,1
773,303473.206,4075751.533,5,5,5,3,1,5,2,5,5,2,5,1,3,4,16,5,1
738,267748.9678,4114190.348,3,5,4,2,1,5,2,5,1,3,5,1,5,4,16,5,1
650,267350.1411,4118520.087,3,5,7,2,1,3,2,2,3,3,5,1,5,4,16,5,1
701,311530.6657,4106898.603,2,5,8,1,1,1,2,5,1,5,5,1,5,5,16,5,1
797,234952.0292,4067516.879,4,5,7,3,1,4,2,5,1,5,5,1,4,4,16,5,1
592,313170.4838,4102853.476,5,5,4,1,1,5,2,5,1,5,5,1,5,5,16,5,1
583,313251.1776,4104270.168,4,4,1,3,1,3,2,5,4,5,5,1,5,6,16,5,1
980,319780.0227,4101044.894,5,5,3,1,1,3,2,5,5,5,5,1,4,5,16,5,1
615,271328.3569,4094967.741,5,4,2,3,2,1,2,2,4,2,5,2,5,4,16,5,1
646,267624.3649,4106080.829,5,5,3,2,2,4,2,2,5,5,1,3,5,4,16,5,1
1011,340931.4049,4023211.207,4,3,6,2,1,3,2,5,5,1,2,3,1,4,16,5,1
882,228397.9683,4060594.598,4,5,8,3,1,3,2,5,4,4,1,4,4,5,16,5,1
713,260002.2857,4118788.223,3,4,7,3,1,3,2,1,1,5,1,4,5,5,16,5,1
555,273346.148,4104691.482,5,5,8,1,1,4,2,2,5,5,1,4,5,4,16,5,1
803,234740.045,4063882.568,4,4,7,2,1,4,2,5,3,3,2,4,5,4,16,5,1
665,227622.257,4054170.255,5,3,7,3,1,3,2,2,5,4,2,4,4,2,16,5,1
836,264252.8371,4114565.132,2,5,7,3,1,4,4,1,1,5,2,4,5,4,16,5,1
968,297340.9859,4062881.572,4,3,8,2,1,4,2,5,4,5,3,4,1,5,16,5,1
589,271388.634,4106348.305,2,4,4,2,1,4,2,5,1,3,4,4,5,4,16,5,1
948,232844.4244,4058079.01,4,3,1,2,1,3,2,2,1,3,5,4,4,5,16,5,1
759,229685.4249,4065151.48,4,4,3,2,1,5,2,5,1,3,5,4,4,5,16,5,1
719,232629.6531,4067126.308,4,5,4,3,1,4,4,5,4,3,5,4,4,4,16,5,1
817,231141.8225,4058502.544,4,5,8,1,1,3,2,2,1,4,5,4,4,5,16,5,1
609,224766.515,4062099.022,5,5,8,2,1,3,1,2,5,4,5,4,4,5,16,5,1
883,231207.0553,4056618.257,5,5,6,3,1,1,2,2,5,4,5,4,4,5,16,5,1
624,225826.2544,4062589.602,4,5,8,2,1,5,3,2,5,4,5,4,4,5,16,5,1
690,227537.1269,4061671.109,4,5,8,2,1,5,2,5,5,4,5,4,4,5,16,5,1
545,236523.0769,4067715.148,4,5,1,1,4,2,2,5,1,5,5,4,5,4,16,5,1
600,234253.7464,4070624.086,4,4,2,3,4,4,2,2,4,5,5,4,4,4,16,5,1
608,237833.8363,4069958.102,5,5,7,3,1,2,2,2,5,5,5,4,5,4,16,5,1
662,332427.6059,4024542.826,5,4,9,3,1,1,2,5,4,1,5,5,1,5,16,5,1
656,243834.6753,4058885.336,4,5,2,2,1,4,2,1,5,5,5,5,5,4,16,5,1
